Validation_Set,Topics,Alpha,Beta,Coherence,Perplexity
75% Corpus,2,0.01,0.01,0.277301669,-12.72104417
75% Corpus,2,0.01,0.31,0.27693717,-8.248225593
75% Corpus,2,0.01,0.61,0.276533548,-8.279186967
75% Corpus,2,0.01,0.91,0.276976333,-8.308468011
75% Corpus,2,0.01,symmetric,0.276533548,-8.266184816
75% Corpus,2,0.31,0.01,0.277301669,-11.67860907
75% Corpus,2,0.31,0.31,0.27693717,-8.246232921
75% Corpus,2,0.31,0.61,0.276533548,-8.274223296
75% Corpus,2,0.31,0.91,0.276976333,-8.306912608
75% Corpus,2,0.31,symmetric,0.276533548,-8.262838694
75% Corpus,2,0.61,0.01,0.276533548,-12.32940613
75% Corpus,2,0.61,0.31,0.27693717,-8.248398517
75% Corpus,2,0.61,0.61,0.276533548,-8.275544931
75% Corpus,2,0.61,0.91,0.276933274,-8.307976926
75% Corpus,2,0.61,symmetric,0.27693717,-8.264005798
75% Corpus,2,0.91,0.01,0.276533548,-12.66929241
75% Corpus,2,0.91,0.31,0.27693717,-8.248226531
75% Corpus,2,0.91,0.61,0.27693717,-8.277128552
75% Corpus,2,0.91,0.91,0.276933274,-8.309180655
75% Corpus,2,0.91,symmetric,0.276533548,-8.271134078
75% Corpus,2,symmetric,0.01,0.277301669,-11.65978915
75% Corpus,2,symmetric,0.31,0.27693717,-8.248702608
75% Corpus,2,symmetric,0.61,0.276533548,-8.274910726
75% Corpus,2,symmetric,0.91,0.276933274,-8.307722953
75% Corpus,2,symmetric,symmetric,0.27693717,-8.263691159
75% Corpus,2,asymmetric,0.01,0.277301669,-12.34906507
75% Corpus,2,asymmetric,0.31,0.27693717,-8.247332663
75% Corpus,2,asymmetric,0.61,0.276976333,-8.274914944
75% Corpus,2,asymmetric,0.91,0.275930383,-8.302203828
75% Corpus,2,asymmetric,symmetric,0.276533548,-8.263942712
75% Corpus,3,0.01,0.01,0.273429883,-12.03847728
75% Corpus,3,0.01,0.31,0.275123536,-8.245326747
75% Corpus,3,0.01,0.61,0.265824711,-8.278664136
75% Corpus,3,0.01,0.91,0.287177934,-8.309495087
75% Corpus,3,0.01,symmetric,0.275123536,-8.248578438
75% Corpus,3,0.31,0.01,0.273672883,-11.65959044
75% Corpus,3,0.31,0.31,0.272591645,-8.247647061
75% Corpus,3,0.31,0.61,0.265824711,-8.282235026
75% Corpus,3,0.31,0.91,0.287177934,-8.312966692
75% Corpus,3,0.31,symmetric,0.274016273,-8.250207025
75% Corpus,3,0.61,0.01,0.273672883,-11.65756925
75% Corpus,3,0.61,0.31,0.274215571,-8.251601543
75% Corpus,3,0.61,0.61,0.26085068,-8.305044717
75% Corpus,3,0.61,0.91,0.274224508,-8.318644998
75% Corpus,3,0.61,symmetric,0.272313197,-8.255210497
75% Corpus,3,0.91,0.01,0.27440295,-11.66407762
75% Corpus,3,0.91,0.31,0.273586533,-8.256523648
75% Corpus,3,0.91,0.61,0.269662415,-8.291239295
75% Corpus,3,0.91,0.91,0.264006034,-8.323982133
75% Corpus,3,0.91,symmetric,0.273586533,-8.259056467
75% Corpus,3,symmetric,0.01,0.273672883,-11.65367038
75% Corpus,3,symmetric,0.31,0.272591645,-8.248116506
75% Corpus,3,symmetric,0.61,0.264293452,-8.281288748
75% Corpus,3,symmetric,0.91,0.287177934,-8.313323025
75% Corpus,3,symmetric,symmetric,0.272322563,-8.249673986
75% Corpus,3,asymmetric,0.01,0.273672883,-11.65394232
75% Corpus,3,asymmetric,0.31,0.27160675,-8.244950181
75% Corpus,3,asymmetric,0.61,0.263739082,-8.277848528
75% Corpus,3,asymmetric,0.91,0.281545838,-8.3108333
75% Corpus,3,asymmetric,symmetric,0.273593135,-8.2470502
75% Corpus,4,0.01,0.01,0.269905089,-11.68880736
75% Corpus,4,0.01,0.31,0.270980281,-8.243125277
75% Corpus,4,0.01,0.61,0.261373354,-8.280789233
75% Corpus,4,0.01,0.91,0.311096764,-8.311732443
75% Corpus,4,0.01,symmetric,0.271359918,-8.241498575
75% Corpus,4,0.31,0.01,0.270809128,-11.66441033
75% Corpus,4,0.31,0.31,0.26807302,-8.253691971
75% Corpus,4,0.31,0.61,0.257448631,-8.289694934
75% Corpus,4,0.31,0.91,0.300660638,-8.322904764
75% Corpus,4,0.31,symmetric,0.268272883,-8.242209185
75% Corpus,4,0.61,0.01,0.271151248,-11.68777936
75% Corpus,4,0.61,0.31,0.270957226,-8.259065462
75% Corpus,4,0.61,0.61,0.25558622,-8.297379949
75% Corpus,4,0.61,0.91,0.295013305,-8.329417206
75% Corpus,4,0.61,symmetric,0.272027946,-8.250098826
75% Corpus,4,0.91,0.01,0.271151248,-11.69267941
75% Corpus,4,0.91,0.31,0.270525304,-8.278350174
75% Corpus,4,0.91,0.61,0.256137875,-8.308722065
75% Corpus,4,0.91,0.91,0.277256742,-8.340917669
75% Corpus,4,0.91,symmetric,0.270912584,-8.256492978
75% Corpus,4,symmetric,0.01,0.270251036,-12.01875018
75% Corpus,4,symmetric,0.31,0.27028921,-8.24801965
75% Corpus,4,symmetric,0.61,0.258494679,-8.285753862
75% Corpus,4,symmetric,0.91,0.293507695,-8.318526518
75% Corpus,4,symmetric,symmetric,0.27028921,-8.240546141
75% Corpus,4,asymmetric,0.01,0.268562327,-11.67516207
75% Corpus,4,asymmetric,0.31,0.265750528,-8.240423394
75% Corpus,4,asymmetric,0.61,0.269122773,-8.279564634
75% Corpus,4,asymmetric,0.91,0.324359525,-8.309137238
75% Corpus,4,asymmetric,symmetric,0.270921284,-8.233329618
75% Corpus,5,0.01,0.01,0.270279651,-12.03614354
75% Corpus,5,0.01,0.31,0.264164365,-8.239347239
75% Corpus,5,0.01,0.61,0.279706799,-8.278187552
75% Corpus,5,0.01,0.91,0.355507259,-8.307729444
75% Corpus,5,0.01,symmetric,0.263748956,-8.221618706
75% Corpus,5,0.31,0.01,0.269433085,-11.66248459
75% Corpus,5,0.31,0.31,0.264156189,-8.247832265
75% Corpus,5,0.31,0.61,0.287044074,-8.291109207
75% Corpus,5,0.31,0.91,0.36181761,-8.320158109
75% Corpus,5,0.31,symmetric,0.267338587,-8.232341949
75% Corpus,5,0.61,0.01,0.268729531,-11.67921695
75% Corpus,5,0.61,0.31,0.264396405,-8.260636824
75% Corpus,5,0.61,0.61,0.269792179,-8.303461314
75% Corpus,5,0.61,0.91,0.348164779,-8.345711214
75% Corpus,5,0.61,symmetric,0.266711999,-8.257787758
75% Corpus,5,0.91,0.01,0.269521381,-12.05191374
75% Corpus,5,0.91,0.31,0.26952648,-8.270032826
75% Corpus,5,0.91,0.61,0.264365906,-8.315568698
75% Corpus,5,0.91,0.91,0.336622915,-8.350597133
75% Corpus,5,0.91,symmetric,0.269498551,-8.251460638
75% Corpus,5,symmetric,0.01,0.268531825,-12.00870633
75% Corpus,5,symmetric,0.31,0.26430639,-8.243965463
75% Corpus,5,symmetric,0.61,0.280271796,-8.28476133
75% Corpus,5,symmetric,0.91,0.356951359,-8.314106387
75% Corpus,5,symmetric,symmetric,0.263530172,-8.226663414
75% Corpus,5,asymmetric,0.01,0.269815704,-11.64712344
75% Corpus,5,asymmetric,0.31,0.263310318,-8.236924157
75% Corpus,5,asymmetric,0.61,0.299847905,-8.278092939
75% Corpus,5,asymmetric,0.91,0.359333954,-8.307476062
75% Corpus,5,asymmetric,symmetric,0.266691704,-8.222374488
75% Corpus,6,0.01,0.01,0.266567814,-12.07649495
75% Corpus,6,0.01,0.31,0.265603505,-8.234136429
75% Corpus,6,0.01,0.61,0.32905656,-8.278965694
75% Corpus,6,0.01,0.91,0.349525964,-8.306159901
75% Corpus,6,0.01,symmetric,0.265603409,-8.220430624
75% Corpus,6,0.31,0.01,0.267360554,-12.00266161
75% Corpus,6,0.31,0.31,0.261520276,-8.258506253
75% Corpus,6,0.31,0.61,0.32095124,-8.297039761
75% Corpus,6,0.31,0.91,0.357123381,-8.32392263
75% Corpus,6,0.31,symmetric,0.265016553,-8.227921975
75% Corpus,6,0.61,0.01,0.267538504,-12.03870337
75% Corpus,6,0.61,0.31,0.264311509,-8.261583944
75% Corpus,6,0.61,0.61,0.308573378,-8.315439305
75% Corpus,6,0.61,0.91,0.344471729,-8.341788572
75% Corpus,6,0.61,symmetric,0.263937888,-8.237033154
75% Corpus,6,0.91,0.01,0.271027617,-12.08656989
75% Corpus,6,0.91,0.31,0.263595189,-8.273930288
75% Corpus,6,0.91,0.61,0.281070183,-8.327085802
75% Corpus,6,0.91,0.91,0.335398523,-8.356249674
75% Corpus,6,0.91,symmetric,0.268013857,-8.253488368
75% Corpus,6,symmetric,0.01,0.265497151,-11.65551958
75% Corpus,6,symmetric,0.31,0.265348868,-8.236505073
75% Corpus,6,symmetric,0.61,0.304589354,-8.289428999
75% Corpus,6,symmetric,0.91,0.357723258,-8.315529603
75% Corpus,6,symmetric,symmetric,0.264856464,-8.232351912
75% Corpus,6,asymmetric,0.01,0.264817807,-12.35196251
75% Corpus,6,asymmetric,0.31,0.272516617,-8.244316245
75% Corpus,6,asymmetric,0.61,0.320455196,-8.290202007
75% Corpus,6,asymmetric,0.91,0.404078156,-8.303027647
75% Corpus,6,asymmetric,symmetric,0.266194754,-8.214087973
75% Corpus,7,0.01,0.01,0.26794933,-11.72040296
75% Corpus,7,0.01,0.31,0.267180072,-8.233827425
75% Corpus,7,0.01,0.61,0.33865856,-8.275619435
75% Corpus,7,0.01,0.91,0.375357884,-8.304830931
75% Corpus,7,0.01,symmetric,0.267649176,-8.241773846
75% Corpus,7,0.31,0.01,0.268304286,-11.67271483
75% Corpus,7,0.31,0.31,0.26362207,-8.251732772
75% Corpus,7,0.31,0.61,0.317151958,-8.30010674
75% Corpus,7,0.31,0.91,0.381504426,-8.326047314
75% Corpus,7,0.31,symmetric,0.266900892,-8.251825239
75% Corpus,7,0.61,0.01,0.268839504,-11.71828592
75% Corpus,7,0.61,0.31,0.266453823,-8.268457494
75% Corpus,7,0.61,0.61,0.325109295,-8.319620013
75% Corpus,7,0.61,0.91,0.388030333,-8.348540587
75% Corpus,7,0.61,symmetric,0.265457483,-8.265299838
75% Corpus,7,0.91,0.01,0.268656023,-11.77582927
75% Corpus,7,0.91,0.31,0.264521775,-8.28190647
75% Corpus,7,0.91,0.61,0.303351987,-8.33630285
75% Corpus,7,0.91,0.91,0.389595316,-8.377827757
75% Corpus,7,0.91,symmetric,0.268743167,-8.274255633
75% Corpus,7,symmetric,0.01,0.26691342,-11.65969595
75% Corpus,7,symmetric,0.31,0.267624877,-8.241991972
75% Corpus,7,symmetric,0.61,0.336562623,-8.285360326
75% Corpus,7,symmetric,0.91,0.378366608,-8.309137013
75% Corpus,7,symmetric,symmetric,0.263728749,-8.243418967
75% Corpus,7,asymmetric,0.01,0.266281852,-11.65706551
75% Corpus,7,asymmetric,0.31,0.261091452,-8.229566367
75% Corpus,7,asymmetric,0.61,0.361495081,-8.274458564
75% Corpus,7,asymmetric,0.91,0.38415296,-8.300998567
75% Corpus,7,asymmetric,symmetric,0.266580533,-8.237856578
75% Corpus,8,0.01,0.01,0.268372635,-11.68183068
75% Corpus,8,0.01,0.31,0.273509251,-8.230557204
75% Corpus,8,0.01,0.61,0.351873545,-8.274609144
75% Corpus,8,0.01,0.91,0.41802954,-8.297992456
75% Corpus,8,0.01,symmetric,0.263372685,-8.293097629
75% Corpus,8,0.31,0.01,0.265819547,-11.67283631
75% Corpus,8,0.31,0.31,0.267485127,-8.253215527
75% Corpus,8,0.31,0.61,0.351125777,-8.303724236
75% Corpus,8,0.31,0.91,0.393575911,-8.328905041
75% Corpus,8,0.31,symmetric,0.262037139,-8.309207406
75% Corpus,8,0.61,0.01,0.265846656,-11.74641853
75% Corpus,8,0.61,0.31,0.26117924,-8.281089135
75% Corpus,8,0.61,0.61,0.3541648,-8.326626788
75% Corpus,8,0.61,0.91,0.411533752,-8.353610481
75% Corpus,8,0.61,symmetric,0.267394515,-8.312624902
75% Corpus,8,0.91,0.01,0.267096246,-11.79313738
75% Corpus,8,0.91,0.31,0.257842428,-8.303829112
75% Corpus,8,0.91,0.61,0.332044182,-8.344273771
75% Corpus,8,0.91,0.91,0.422206918,-8.37723554
75% Corpus,8,0.91,symmetric,0.264482362,-8.324608635
75% Corpus,8,symmetric,0.01,0.266374755,-11.98442266
75% Corpus,8,symmetric,0.31,0.281259496,-8.241871551
75% Corpus,8,symmetric,0.61,0.355946765,-8.287744012
75% Corpus,8,symmetric,0.91,0.403281175,-8.311268963
75% Corpus,8,symmetric,symmetric,0.262965228,-8.293674201
75% Corpus,8,asymmetric,0.01,0.267725759,-11.64242686
75% Corpus,8,asymmetric,0.31,0.284095198,-8.240019464
75% Corpus,8,asymmetric,0.61,0.356287662,-8.28120569
75% Corpus,8,asymmetric,0.91,0.382550251,-8.302308342
75% Corpus,8,asymmetric,symmetric,0.265926834,-8.283935084
75% Corpus,9,0.01,0.01,0.266691284,-11.69284537
75% Corpus,9,0.01,0.31,0.273172847,-8.238242826
75% Corpus,9,0.01,0.61,0.397782899,-8.274021693
75% Corpus,9,0.01,0.91,0.45264693,-8.297492161
75% Corpus,9,0.01,symmetric,0.260373281,-8.366200243
75% Corpus,9,0.31,0.01,0.266089286,-11.68525918
75% Corpus,9,0.31,0.31,0.271468135,-8.261389442
75% Corpus,9,0.31,0.61,0.404184166,-8.325688773
75% Corpus,9,0.31,0.91,0.456722762,-8.335837484
75% Corpus,9,0.31,symmetric,0.260012727,-8.372653447
75% Corpus,9,0.61,0.01,0.263918872,-11.75848001
75% Corpus,9,0.61,0.31,0.256384642,-8.285739976
75% Corpus,9,0.61,0.61,0.394547237,-8.330769118
75% Corpus,9,0.61,0.91,0.464621872,-8.365149327
75% Corpus,9,0.61,symmetric,0.26506232,-8.39653541
75% Corpus,9,0.91,0.01,0.267271887,-11.82542182
75% Corpus,9,0.91,0.31,0.249378884,-8.308818
75% Corpus,9,0.91,0.61,0.349798698,-8.352871996
75% Corpus,9,0.91,0.91,0.437779047,-8.389169733
75% Corpus,9,0.91,symmetric,0.264547594,-8.398678927
75% Corpus,9,symmetric,0.01,0.263708148,-11.6495587
75% Corpus,9,symmetric,0.31,0.265368511,-8.253888542
75% Corpus,9,symmetric,0.61,0.394330528,-8.291356565
75% Corpus,9,symmetric,0.91,0.458158384,-8.311199497
75% Corpus,9,symmetric,symmetric,0.260231848,-8.365049444
75% Corpus,9,asymmetric,0.01,0.26567807,-11.66029052
75% Corpus,9,asymmetric,0.31,0.298139802,-8.245977219
75% Corpus,9,asymmetric,0.61,0.39320472,-8.279488976
75% Corpus,9,asymmetric,0.91,0.44848923,-8.301584554
75% Corpus,9,asymmetric,symmetric,0.258469761,-8.365945331
75% Corpus,10,0.01,0.01,0.265553119,-11.71921083
75% Corpus,10,0.01,0.31,0.283244945,-8.235246341
75% Corpus,10,0.01,0.61,0.353646832,-8.271580417
75% Corpus,10,0.01,0.91,0.420234357,-8.291493505
75% Corpus,10,0.01,symmetric,0.261682247,-8.462353072
75% Corpus,10,0.31,0.01,0.26594892,-12.02671526
75% Corpus,10,0.31,0.31,0.288562294,-8.265565446
75% Corpus,10,0.31,0.61,0.35366634,-8.311900317
75% Corpus,10,0.31,0.91,0.502559501,-8.333508852
75% Corpus,10,0.31,symmetric,0.256286577,-8.477303751
75% Corpus,10,0.61,0.01,0.264427386,-11.89636619
75% Corpus,10,0.61,0.31,0.287048737,-8.3159592
75% Corpus,10,0.61,0.61,0.366170493,-8.345498382
75% Corpus,10,0.61,0.91,0.489994993,-8.368107334
75% Corpus,10,0.61,symmetric,0.261918723,-8.467265542
75% Corpus,10,0.91,0.01,0.266580631,-12.18576158
75% Corpus,10,0.91,0.31,0.271588225,-8.319187657
75% Corpus,10,0.91,0.61,0.374116589,-8.378602807
75% Corpus,10,0.91,0.91,0.458888935,-8.396990883
75% Corpus,10,0.91,symmetric,0.264041987,-8.525657031
75% Corpus,10,symmetric,0.01,0.265959723,-11.99581835
75% Corpus,10,symmetric,0.31,0.284856848,-8.240612713
75% Corpus,10,symmetric,0.61,0.348706304,-8.283858051
75% Corpus,10,symmetric,0.91,0.446744894,-8.30847265
75% Corpus,10,symmetric,symmetric,0.26205196,-8.458389584
75% Corpus,10,asymmetric,0.01,0.267453726,-11.45434049
75% Corpus,10,asymmetric,0.31,0.277883461,-8.230637764
75% Corpus,10,asymmetric,0.61,0.35607748,-8.276479655
75% Corpus,10,asymmetric,0.91,0.451417512,-8.300632621
75% Corpus,10,asymmetric,symmetric,0.256314603,-8.441183949
75% Corpus,11,0.01,0.01,0.26991254,-11.49235038
75% Corpus,11,0.01,0.31,0.337167487,-8.240131719
75% Corpus,11,0.01,0.61,0.398308966,-8.278087731
75% Corpus,11,0.01,0.91,0.471101956,-8.310540554
75% Corpus,11,0.01,symmetric,0.260865196,-8.499559405
75% Corpus,11,0.31,0.01,0.265466558,-11.70767454
75% Corpus,11,0.31,0.31,0.320169258,-8.271932308
75% Corpus,11,0.31,0.61,0.423317499,-8.33072082
75% Corpus,11,0.31,0.91,0.445293809,-8.363347033
75% Corpus,11,0.31,symmetric,0.267780865,-8.556242921
75% Corpus,11,0.61,0.01,0.267145215,-11.85879019
75% Corpus,11,0.61,0.31,0.309179946,-8.311897202
75% Corpus,11,0.61,0.61,0.417778252,-8.353144496
75% Corpus,11,0.61,0.91,0.421643432,-8.387305348
75% Corpus,11,0.61,symmetric,0.258881538,-8.5428394
75% Corpus,11,0.91,0.01,0.268073199,-11.95739985
75% Corpus,11,0.91,0.31,0.292897998,-8.339306764
75% Corpus,11,0.91,0.61,0.384202227,-8.381264824
75% Corpus,11,0.91,0.91,0.425323254,-8.430345779
75% Corpus,11,0.91,symmetric,0.266984564,-8.565637565
75% Corpus,11,symmetric,0.01,0.261657493,-11.45246647
75% Corpus,11,symmetric,0.31,0.330058167,-8.249049213
75% Corpus,11,symmetric,0.61,0.388971595,-8.299839603
75% Corpus,11,symmetric,0.91,0.455390336,-8.326082854
75% Corpus,11,symmetric,symmetric,0.259320843,-8.51178464
75% Corpus,11,asymmetric,0.01,0.262788141,-11.66657709
75% Corpus,11,asymmetric,0.31,0.351377453,-8.240526258
75% Corpus,11,asymmetric,0.61,0.384134831,-8.282542117
75% Corpus,11,asymmetric,0.91,0.432153553,-8.300577997
75% Corpus,11,asymmetric,symmetric,0.265702977,-8.503007138
75% Corpus,12,0.01,0.01,0.264507067,-11.76833682
75% Corpus,12,0.01,0.31,0.354966435,-8.242978146
75% Corpus,12,0.01,0.61,0.40885684,-8.296541012
75% Corpus,12,0.01,0.91,0.42303561,-8.314363697
75% Corpus,12,0.01,symmetric,0.258100881,-8.534799302
75% Corpus,12,0.31,0.01,0.26530972,-11.76775999
75% Corpus,12,0.31,0.31,0.347879975,-8.271324696
75% Corpus,12,0.31,0.61,0.412115805,-8.32206598
75% Corpus,12,0.31,0.91,0.416392392,-8.360651711
75% Corpus,12,0.31,symmetric,0.262814048,-8.59398686
75% Corpus,12,0.61,0.01,0.267508231,-11.92627571
75% Corpus,12,0.61,0.31,0.339951377,-8.303384192
75% Corpus,12,0.61,0.61,0.412568796,-8.382458711
75% Corpus,12,0.61,0.91,0.445784827,-8.402745168
75% Corpus,12,0.61,symmetric,0.258568262,-8.604574715
75% Corpus,12,0.91,0.01,0.267582408,-11.99942931
75% Corpus,12,0.91,0.31,0.325983895,-8.33699547
75% Corpus,12,0.91,0.61,0.412589425,-8.402948198
75% Corpus,12,0.91,0.91,0.442210813,-8.445528039
75% Corpus,12,0.91,symmetric,0.262059133,-8.578610274
75% Corpus,12,symmetric,0.01,0.264798344,-11.43697872
75% Corpus,12,symmetric,0.31,0.364016337,-8.252594398
75% Corpus,12,symmetric,0.61,0.426343581,-8.293100731
75% Corpus,12,symmetric,0.91,0.443454546,-8.332425098
75% Corpus,12,symmetric,symmetric,0.266692693,-8.572093583
75% Corpus,12,asymmetric,0.01,0.266086731,-11.49175289
75% Corpus,12,asymmetric,0.31,0.350686525,-8.25120239
75% Corpus,12,asymmetric,0.61,0.384161777,-8.297510034
75% Corpus,12,asymmetric,0.91,0.460266699,-8.302407451
75% Corpus,12,asymmetric,symmetric,0.254412068,-8.569029283
75% Corpus,13,0.01,0.01,0.262935568,-11.54361091
75% Corpus,13,0.01,0.31,0.372507539,-8.243797302
75% Corpus,13,0.01,0.61,0.421310283,-8.280046345
75% Corpus,13,0.01,0.91,0.412625856,-8.312226279
75% Corpus,13,0.01,symmetric,0.275511754,-8.599967473
75% Corpus,13,0.31,0.01,0.264684119,-11.53424601
75% Corpus,13,0.31,0.31,0.350333551,-8.288089176
75% Corpus,13,0.31,0.61,0.42873396,-8.335551602
75% Corpus,13,0.31,0.91,0.404604654,-8.367987259
75% Corpus,13,0.31,symmetric,0.270762823,-8.673707703
75% Corpus,13,0.61,0.01,0.268858619,-11.89246616
75% Corpus,13,0.61,0.31,0.350558322,-8.315904854
75% Corpus,13,0.61,0.61,0.421606063,-8.378628213
75% Corpus,13,0.61,0.91,0.406137286,-8.405256226
75% Corpus,13,0.61,symmetric,0.257356951,-8.651784312
75% Corpus,13,0.91,0.01,0.266932167,-11.92686899
75% Corpus,13,0.91,0.31,0.320038396,-8.346790855
75% Corpus,13,0.91,0.61,0.411921154,-8.410259915
75% Corpus,13,0.91,0.91,0.387534803,-8.438686908
75% Corpus,13,0.91,symmetric,0.2656917,-8.66186068
75% Corpus,13,symmetric,0.01,0.266321966,-11.66096104
75% Corpus,13,symmetric,0.31,0.369318707,-8.253401455
75% Corpus,13,symmetric,0.61,0.430804709,-8.304761362
75% Corpus,13,symmetric,0.91,0.428200469,-8.327673838
75% Corpus,13,symmetric,symmetric,0.273649116,-8.58136039
75% Corpus,13,asymmetric,0.01,0.261118915,-12.01725933
75% Corpus,13,asymmetric,0.31,0.372172434,-8.245794441
75% Corpus,13,asymmetric,0.61,0.415754564,-8.283064829
75% Corpus,13,asymmetric,0.91,0.41918576,-8.306865931
75% Corpus,13,asymmetric,symmetric,0.275934166,-8.601343792
75% Corpus,14,0.01,0.01,0.265064187,-11.71057554
75% Corpus,14,0.01,0.31,0.356442507,-8.235627382
75% Corpus,14,0.01,0.61,0.428664457,-8.280572752
75% Corpus,14,0.01,0.91,0.455615953,-8.316439315
75% Corpus,14,0.01,symmetric,0.254127572,-8.641404449
75% Corpus,14,0.31,0.01,0.263839171,-11.35160231
75% Corpus,14,0.31,0.31,0.356942346,-8.294562707
75% Corpus,14,0.31,0.61,0.432748383,-8.334404677
75% Corpus,14,0.31,0.91,0.460646599,-8.369000271
75% Corpus,14,0.31,symmetric,0.254785605,-8.719569246
75% Corpus,14,0.61,0.01,0.262336369,-11.81848637
75% Corpus,14,0.61,0.31,0.358360661,-8.332067716
75% Corpus,14,0.61,0.61,0.437158193,-8.372768015
75% Corpus,14,0.61,0.91,0.43346678,-8.419359942
75% Corpus,14,0.61,symmetric,0.256590406,-8.671646437
75% Corpus,14,0.91,0.01,0.265551053,-12.15554814
75% Corpus,14,0.91,0.31,0.344153556,-8.361266317
75% Corpus,14,0.91,0.61,0.414818259,-8.408240311
75% Corpus,14,0.91,0.91,0.425267598,-8.460661524
75% Corpus,14,0.91,symmetric,0.25915757,-8.68826039
75% Corpus,14,symmetric,0.01,0.265177119,-12.33263259
75% Corpus,14,symmetric,0.31,0.357402431,-8.240674354
75% Corpus,14,symmetric,0.61,0.430756085,-8.307049096
75% Corpus,14,symmetric,0.91,0.456592806,-8.330919396
75% Corpus,14,symmetric,symmetric,0.255460726,-8.616950264
75% Corpus,14,asymmetric,0.01,0.266653251,-11.44618111
75% Corpus,14,asymmetric,0.31,0.348033443,-8.254403647
75% Corpus,14,asymmetric,0.61,0.396880127,-8.283324931
75% Corpus,14,asymmetric,0.91,0.454492553,-8.300761942
75% Corpus,14,asymmetric,symmetric,0.268166891,-8.59886369
75% Corpus,15,0.01,0.01,0.262537835,-11.55500649
75% Corpus,15,0.01,0.31,0.378404176,-8.243317286
75% Corpus,15,0.01,0.61,0.411759277,-8.309542953
75% Corpus,15,0.01,0.91,0.372944507,-8.331232758
75% Corpus,15,0.01,symmetric,0.262823182,-8.612995367
75% Corpus,15,0.31,0.01,0.261485976,-11.76599357
75% Corpus,15,0.31,0.31,0.373872077,-8.290042858
75% Corpus,15,0.31,0.61,0.41033912,-8.352279574
75% Corpus,15,0.31,0.91,0.357703746,-8.384173397
75% Corpus,15,0.31,symmetric,0.274019091,-8.699686075
75% Corpus,15,0.61,0.01,0.266235523,-12.11636018
75% Corpus,15,0.61,0.31,0.372592229,-8.334824473
75% Corpus,15,0.61,0.61,0.390497884,-8.404856309
75% Corpus,15,0.61,0.91,0.339822096,-8.440110291
75% Corpus,15,0.61,symmetric,0.260341011,-8.695079259
75% Corpus,15,0.91,0.01,0.265735311,-12.07419702
75% Corpus,15,0.91,0.31,0.370420379,-8.364708032
75% Corpus,15,0.91,0.61,0.406908778,-8.429353484
75% Corpus,15,0.91,0.91,0.397479778,-8.457442004
75% Corpus,15,0.91,symmetric,0.263780507,-8.76272226
75% Corpus,15,symmetric,0.01,0.265304684,-11.70113478
75% Corpus,15,symmetric,0.31,0.372563505,-8.246541913
75% Corpus,15,symmetric,0.61,0.403624327,-8.307580053
75% Corpus,15,symmetric,0.91,0.381710604,-8.349408934
75% Corpus,15,symmetric,symmetric,0.272925208,-8.640288324
75% Corpus,15,asymmetric,0.01,0.263397335,-11.69835897
75% Corpus,15,asymmetric,0.31,0.379893354,-8.239296104
75% Corpus,15,asymmetric,0.61,0.381660288,-8.281220039
75% Corpus,15,asymmetric,0.91,0.376683453,-8.304534302
75% Corpus,15,asymmetric,symmetric,0.267717554,-8.616933415
75% Corpus,16,0.01,0.01,0.266046426,-12.07905956
75% Corpus,16,0.01,0.31,0.381775039,-8.24889116
75% Corpus,16,0.01,0.61,0.412513999,-8.293216029
75% Corpus,16,0.01,0.91,0.367329635,-8.306032005
75% Corpus,16,0.01,symmetric,0.280517899,-8.677272652
75% Corpus,16,0.31,0.01,0.264347807,-11.55483604
75% Corpus,16,0.31,0.31,0.374319619,-8.313372106
75% Corpus,16,0.31,0.61,0.37577987,-8.376585261
75% Corpus,16,0.31,0.91,0.419341626,-8.372412496
75% Corpus,16,0.31,symmetric,0.260427306,-8.746482167
75% Corpus,16,0.61,0.01,0.263966166,-11.63663
75% Corpus,16,0.61,0.31,0.371004513,-8.353969993
75% Corpus,16,0.61,0.61,0.387842271,-8.411394951
75% Corpus,16,0.61,0.91,0.396274193,-8.421789461
75% Corpus,16,0.61,symmetric,0.260450943,-8.779319783
75% Corpus,16,0.91,0.01,0.267702484,-12.0358788
75% Corpus,16,0.91,0.31,0.361653465,-8.38813867
75% Corpus,16,0.91,0.61,0.352636439,-8.44653955
75% Corpus,16,0.91,0.91,0.375776193,-8.464157089
75% Corpus,16,0.91,symmetric,0.260592163,-8.78138886
75% Corpus,16,symmetric,0.01,0.266750147,-11.42957323
75% Corpus,16,symmetric,0.31,0.373763214,-8.25012071
75% Corpus,16,symmetric,0.61,0.372880221,-8.298820665
75% Corpus,16,symmetric,0.91,0.418391965,-8.317383941
75% Corpus,16,symmetric,symmetric,0.267100932,-8.784203205
75% Corpus,16,asymmetric,0.01,0.26148302,-11.97899554
75% Corpus,16,asymmetric,0.31,0.372338054,-8.248120006
75% Corpus,16,asymmetric,0.61,0.412831449,-8.279668833
75% Corpus,16,asymmetric,0.91,0.412423909,-8.30507604
75% Corpus,16,asymmetric,symmetric,0.275554979,-8.641296485
75% Corpus,17,0.01,0.01,0.261661074,-11.70845069
75% Corpus,17,0.01,0.31,0.390239901,-8.253615864
75% Corpus,17,0.01,0.61,0.377283805,-8.306364872
75% Corpus,17,0.01,0.91,0.428121567,-8.334064059
75% Corpus,17,0.01,symmetric,0.269661858,-8.703630482
75% Corpus,17,0.31,0.01,0.259192316,-11.54015432
75% Corpus,17,0.31,0.31,0.400142505,-8.307688083
75% Corpus,17,0.31,0.61,0.379013441,-8.363100142
75% Corpus,17,0.31,0.91,0.412036923,-8.412530462
75% Corpus,17,0.31,symmetric,0.269816587,-8.696775222
75% Corpus,17,0.61,0.01,0.268856256,-11.70299456
75% Corpus,17,0.61,0.31,0.372663094,-8.353353081
75% Corpus,17,0.61,0.61,0.384339212,-8.415531019
75% Corpus,17,0.61,0.91,0.372219456,-8.436482752
75% Corpus,17,0.61,symmetric,0.266677662,-8.823818272
75% Corpus,17,0.91,0.01,0.269633208,-12.34448578
75% Corpus,17,0.91,0.31,0.370203967,-8.384232772
75% Corpus,17,0.91,0.61,0.356423642,-8.450027184
75% Corpus,17,0.91,0.91,0.392598581,-8.484978022
75% Corpus,17,0.91,symmetric,0.264865924,-8.830758197
75% Corpus,17,symmetric,0.01,0.262584198,-11.48863209
75% Corpus,17,symmetric,0.31,0.378511727,-8.267600137
75% Corpus,17,symmetric,0.61,0.383485118,-8.316014087
75% Corpus,17,symmetric,0.91,0.462985485,-8.343977992
75% Corpus,17,symmetric,symmetric,0.275797465,-8.734597188
75% Corpus,17,asymmetric,0.01,0.262009168,-11.70440558
75% Corpus,17,asymmetric,0.31,0.394867748,-8.238098268
75% Corpus,17,asymmetric,0.61,0.386884939,-8.287688676
75% Corpus,17,asymmetric,0.91,0.427985777,-8.304302056
75% Corpus,17,asymmetric,symmetric,0.279975353,-8.711244207
75% Corpus,18,0.01,0.01,0.266256025,-11.67674806
75% Corpus,18,0.01,0.31,0.394709434,-8.251030301
75% Corpus,18,0.01,0.61,0.452341046,-8.308866476
75% Corpus,18,0.01,0.91,0.399173343,-8.341580296
75% Corpus,18,0.01,symmetric,0.272864526,-8.777512938
75% Corpus,18,0.31,0.01,0.263302052,-11.5682984
75% Corpus,18,0.31,0.31,0.38102813,-8.320001313
75% Corpus,18,0.31,0.61,0.39715455,-8.368252869
75% Corpus,18,0.31,0.91,0.405511837,-8.392739713
75% Corpus,18,0.31,symmetric,0.27449418,-8.804654887
75% Corpus,18,0.61,0.01,0.264816623,-11.89858446
75% Corpus,18,0.61,0.31,0.384379904,-8.386493713
75% Corpus,18,0.61,0.61,0.37858365,-8.422979626
75% Corpus,18,0.61,0.91,0.416920372,-8.439999435
75% Corpus,18,0.61,symmetric,0.257446283,-8.814825456
75% Corpus,18,0.91,0.01,0.266510839,-12.15470389
75% Corpus,18,0.91,0.31,0.355836387,-8.394305128
75% Corpus,18,0.91,0.61,0.338666387,-8.473836744
75% Corpus,18,0.91,0.91,0.394946996,-8.491431211
75% Corpus,18,0.91,symmetric,0.259731985,-8.863106881
75% Corpus,18,symmetric,0.01,0.263666037,-11.66759363
75% Corpus,18,symmetric,0.31,0.396874352,-8.2544977
75% Corpus,18,symmetric,0.61,0.402809088,-8.30143468
75% Corpus,18,symmetric,0.91,0.38539674,-8.350911509
75% Corpus,18,symmetric,symmetric,0.281703624,-8.743174835
75% Corpus,18,asymmetric,0.01,0.260571352,-11.67079704
75% Corpus,18,asymmetric,0.31,0.384324203,-8.242829871
75% Corpus,18,asymmetric,0.61,0.411882534,-8.291882572
75% Corpus,18,asymmetric,0.91,0.415330804,-8.30678864
75% Corpus,18,asymmetric,symmetric,0.270619086,-8.775378785
75% Corpus,19,0.01,0.01,0.268341822,-11.5045221
75% Corpus,19,0.01,0.31,0.388467387,-8.267243058
75% Corpus,19,0.01,0.61,0.414191669,-8.29624296
75% Corpus,19,0.01,0.91,0.386507205,-8.313310558
75% Corpus,19,0.01,symmetric,0.279191076,-8.813408554
75% Corpus,19,0.31,0.01,0.261160863,-11.88909343
75% Corpus,19,0.31,0.31,0.371334698,-8.316795469
75% Corpus,19,0.31,0.61,0.384706464,-8.354745132
75% Corpus,19,0.31,0.91,0.39820608,-8.395583932
75% Corpus,19,0.31,symmetric,0.279930373,-8.829258156
75% Corpus,19,0.61,0.01,0.263205469,-11.86952718
75% Corpus,19,0.61,0.31,0.38380067,-8.375200474
75% Corpus,19,0.61,0.61,0.351843755,-8.446188324
75% Corpus,19,0.61,0.91,0.408167724,-8.447257408
75% Corpus,19,0.61,symmetric,0.260137152,-8.872337776
75% Corpus,19,0.91,0.01,0.266020728,-12.49733548
75% Corpus,19,0.91,0.31,0.35465996,-8.407333296
75% Corpus,19,0.91,0.61,0.356018436,-8.473020173
75% Corpus,19,0.91,0.91,0.405489585,-8.494143165
75% Corpus,19,0.91,symmetric,0.26150321,-8.961107831
75% Corpus,19,symmetric,0.01,0.26609604,-11.29527029
75% Corpus,19,symmetric,0.31,0.396907559,-8.247198123
75% Corpus,19,symmetric,0.61,0.389730988,-8.298819753
75% Corpus,19,symmetric,0.91,0.40925291,-8.322347469
75% Corpus,19,symmetric,symmetric,0.277386796,-8.811379762
75% Corpus,19,asymmetric,0.01,0.269564313,-11.37137636
75% Corpus,19,asymmetric,0.31,0.387050938,-8.240721099
75% Corpus,19,asymmetric,0.61,0.396573129,-8.281162525
75% Corpus,19,asymmetric,0.91,0.438318378,-8.305896051
75% Corpus,19,asymmetric,symmetric,0.27847232,-8.773903525
75% Corpus,20,0.01,0.01,0.259932707,-11.54389847
75% Corpus,20,0.01,0.31,0.398519481,-8.257531298
75% Corpus,20,0.01,0.61,0.364977235,-8.30000406
75% Corpus,20,0.01,0.91,0.401801097,-8.324365261
75% Corpus,20,0.01,symmetric,0.266898389,-8.750425257
75% Corpus,20,0.31,0.01,0.265413457,-11.72431354
75% Corpus,20,0.31,0.31,0.400870368,-8.32035153
75% Corpus,20,0.31,0.61,0.376550163,-8.395433523
75% Corpus,20,0.31,0.91,0.400849805,-8.39917119
75% Corpus,20,0.31,symmetric,0.274522095,-8.909466587
75% Corpus,20,0.61,0.01,0.262566679,-11.84133984
75% Corpus,20,0.61,0.31,0.357703221,-8.401436877
75% Corpus,20,0.61,0.61,0.375163305,-8.436856934
75% Corpus,20,0.61,0.91,0.405211648,-8.459354976
75% Corpus,20,0.61,symmetric,0.259632876,-8.950008361
75% Corpus,20,0.91,0.01,0.267667367,-12.33106317
75% Corpus,20,0.91,0.31,0.365132222,-8.433129929
75% Corpus,20,0.91,0.61,0.383885359,-8.482589427
75% Corpus,20,0.91,0.91,0.406053335,-8.529179248
75% Corpus,20,0.91,symmetric,0.261223821,-8.994411314
75% Corpus,20,symmetric,0.01,0.263205147,-11.32859886
75% Corpus,20,symmetric,0.31,0.396682688,-8.258710123
75% Corpus,20,symmetric,0.61,0.383518237,-8.316353847
75% Corpus,20,symmetric,0.91,0.411987285,-8.352362565
75% Corpus,20,symmetric,symmetric,0.27460957,-8.771005636
75% Corpus,20,asymmetric,0.01,0.262782833,-11.48203066
75% Corpus,20,asymmetric,0.31,0.374097254,-8.242502758
75% Corpus,20,asymmetric,0.61,0.417851254,-8.281648146
75% Corpus,20,asymmetric,0.91,0.407121007,-8.305613592
75% Corpus,20,asymmetric,symmetric,0.266427921,-8.791228642
75% Corpus,21,0.01,0.01,0.263722067,-11.59646318
75% Corpus,21,0.01,0.31,0.403695807,-8.252762213
75% Corpus,21,0.01,0.61,0.418843353,-8.309900295
75% Corpus,21,0.01,0.91,0.429075865,-8.32838371
75% Corpus,21,0.01,symmetric,0.264478534,-8.835071926
75% Corpus,21,0.31,0.01,0.260333783,-11.6830932
75% Corpus,21,0.31,0.31,0.38429872,-8.328036817
75% Corpus,21,0.31,0.61,0.426937586,-8.381862104
75% Corpus,21,0.31,0.91,0.452708414,-8.407114078
75% Corpus,21,0.31,symmetric,0.268433106,-8.861135671
75% Corpus,21,0.61,0.01,0.269139558,-12.25835301
75% Corpus,21,0.61,0.31,0.37187376,-8.396259805
75% Corpus,21,0.61,0.61,0.406077256,-8.474763313
75% Corpus,21,0.61,0.91,0.41684229,-8.476254086
75% Corpus,21,0.61,symmetric,0.269406691,-8.978764195
75% Corpus,21,0.91,0.01,0.27050345,-12.55941137
75% Corpus,21,0.91,0.31,0.373253156,-8.442570957
75% Corpus,21,0.91,0.61,0.398433116,-8.495458333
75% Corpus,21,0.91,0.91,0.396532931,-8.512518516
75% Corpus,21,0.91,symmetric,0.261633587,-9.023367854
75% Corpus,21,symmetric,0.01,0.267449904,-11.49318518
75% Corpus,21,symmetric,0.31,0.417343026,-8.26597681
75% Corpus,21,symmetric,0.61,0.395080828,-8.311971914
75% Corpus,21,symmetric,0.91,0.476639787,-8.334176554
75% Corpus,21,symmetric,symmetric,0.259192275,-8.843034984
75% Corpus,21,asymmetric,0.01,0.260831055,-11.72971811
75% Corpus,21,asymmetric,0.31,0.387693642,-8.241955703
75% Corpus,21,asymmetric,0.61,0.417053642,-8.288433548
75% Corpus,21,asymmetric,0.91,0.416336808,-8.307708479
75% Corpus,21,asymmetric,symmetric,0.263848318,-8.854178807
75% Corpus,22,0.01,0.01,0.264733724,-11.58120697
75% Corpus,22,0.01,0.31,0.392333113,-8.26879976
75% Corpus,22,0.01,0.61,0.398607644,-8.334041458
75% Corpus,22,0.01,0.91,0.380212709,-8.3486112
75% Corpus,22,0.01,symmetric,0.263293823,-8.885648251
75% Corpus,22,0.31,0.01,0.263011394,-11.90081127
75% Corpus,22,0.31,0.31,0.388265418,-8.33323767
75% Corpus,22,0.31,0.61,0.362951996,-8.394742622
75% Corpus,22,0.31,0.91,0.350024145,-8.429758962
75% Corpus,22,0.31,symmetric,0.276282079,-8.890712502
75% Corpus,22,0.61,0.01,0.262960704,-12.15325325
75% Corpus,22,0.61,0.31,0.360527919,-8.417858986
75% Corpus,22,0.61,0.61,0.364618417,-8.472878187
75% Corpus,22,0.61,0.91,0.40958885,-8.489008411
75% Corpus,22,0.61,symmetric,0.266538155,-8.972805202
75% Corpus,22,0.91,0.01,0.26656407,-12.46313596
75% Corpus,22,0.91,0.31,0.364860663,-8.457570548
75% Corpus,22,0.91,0.61,0.414185979,-8.495373399
75% Corpus,22,0.91,0.91,0.380513634,-8.527794227
75% Corpus,22,0.91,symmetric,0.262360352,-9.094406264
75% Corpus,22,symmetric,0.01,0.260998199,-11.57604422
75% Corpus,22,symmetric,0.31,0.3718345,-8.25624358
75% Corpus,22,symmetric,0.61,0.374243497,-8.312979204
75% Corpus,22,symmetric,0.91,0.39198887,-8.367722464
75% Corpus,22,symmetric,symmetric,0.260937775,-8.864437261
75% Corpus,22,asymmetric,0.01,0.26296236,-11.29929405
75% Corpus,22,asymmetric,0.31,0.386106569,-8.245403964
75% Corpus,22,asymmetric,0.61,0.413999404,-8.282500441
75% Corpus,22,asymmetric,0.91,0.413520778,-8.330545287
75% Corpus,22,asymmetric,symmetric,0.268919815,-8.870966384
75% Corpus,23,0.01,0.01,0.26523803,-11.59281978
75% Corpus,23,0.01,0.31,0.420834639,-8.260144788
75% Corpus,23,0.01,0.61,0.402898414,-8.323855683
75% Corpus,23,0.01,0.91,0.402881814,-8.379528258
75% Corpus,23,0.01,symmetric,0.274443937,-8.897226289
75% Corpus,23,0.31,0.01,0.262947509,-11.89126324
75% Corpus,23,0.31,0.31,0.39377309,-8.335368482
75% Corpus,23,0.31,0.61,0.37894229,-8.395793016
75% Corpus,23,0.31,0.91,0.397300823,-8.434931072
75% Corpus,23,0.31,symmetric,0.264953405,-8.954440729
75% Corpus,23,0.61,0.01,0.262027323,-12.09789532
75% Corpus,23,0.61,0.31,0.380495534,-8.414093615
75% Corpus,23,0.61,0.61,0.35842337,-8.485842615
75% Corpus,23,0.61,0.91,0.45874484,-8.494917177
75% Corpus,23,0.61,symmetric,0.255563593,-9.086291991
75% Corpus,23,0.91,0.01,0.266923629,-13.11661041
75% Corpus,23,0.91,0.31,0.374782678,-8.442117722
75% Corpus,23,0.91,0.61,0.426336675,-8.500747402
75% Corpus,23,0.91,0.91,0.450940114,-8.563996978
75% Corpus,23,0.91,symmetric,0.25969231,-9.219675873
75% Corpus,23,symmetric,0.01,0.267915927,-11.34166196
75% Corpus,23,symmetric,0.31,0.403344002,-8.271133472
75% Corpus,23,symmetric,0.61,0.426295877,-8.311344064
75% Corpus,23,symmetric,0.91,0.397814695,-8.368966381
75% Corpus,23,symmetric,symmetric,0.265511901,-8.944899665
75% Corpus,23,asymmetric,0.01,0.268621833,-11.44026123
75% Corpus,23,asymmetric,0.31,0.416130227,-8.245923375
75% Corpus,23,asymmetric,0.61,0.410981858,-8.294838746
75% Corpus,23,asymmetric,0.91,0.388799692,-8.312231415
75% Corpus,23,asymmetric,symmetric,0.269579163,-8.952688082
75% Corpus,24,0.01,0.01,0.258857165,-11.49222308
75% Corpus,24,0.01,0.31,0.412229976,-8.271890249
75% Corpus,24,0.01,0.61,0.381341466,-8.33220009
75% Corpus,24,0.01,0.91,0.434169777,-8.306661073
75% Corpus,24,0.01,symmetric,0.273834239,-8.948128013
75% Corpus,24,0.31,0.01,0.261498638,-11.99865456
75% Corpus,24,0.31,0.31,0.384649302,-8.344907835
75% Corpus,24,0.31,0.61,0.422806571,-8.405969768
75% Corpus,24,0.31,0.91,0.374846979,-8.403150856
75% Corpus,24,0.31,symmetric,0.277174932,-8.990541596
75% Corpus,24,0.61,0.01,0.259072369,-12.14717996
75% Corpus,24,0.61,0.31,0.379307779,-8.422648581
75% Corpus,24,0.61,0.61,0.376823266,-8.491046435
75% Corpus,24,0.61,0.91,0.405043831,-8.475398701
75% Corpus,24,0.61,symmetric,0.258926303,-9.113380583
75% Corpus,24,0.91,0.01,0.268694963,-12.77418431
75% Corpus,24,0.91,0.31,0.374337892,-8.486072145
75% Corpus,24,0.91,0.61,0.397852582,-8.517277482
75% Corpus,24,0.91,0.91,0.434388869,-8.526431111
75% Corpus,24,0.91,symmetric,0.260128434,-9.222527581
75% Corpus,24,symmetric,0.01,0.26031901,-11.72967535
75% Corpus,24,symmetric,0.31,0.409700445,-8.290561892
75% Corpus,24,symmetric,0.61,0.399389837,-8.358237023
75% Corpus,24,symmetric,0.91,0.418050095,-8.332715196
75% Corpus,24,symmetric,symmetric,0.270721641,-8.962857534
75% Corpus,24,asymmetric,0.01,0.261411625,-11.51773958
75% Corpus,24,asymmetric,0.31,0.409675563,-8.240667527
75% Corpus,24,asymmetric,0.61,0.406437043,-8.279372215
75% Corpus,24,asymmetric,0.91,0.409168689,-8.308466022
75% Corpus,24,asymmetric,symmetric,0.26854334,-8.935176767
75% Corpus,25,0.01,0.01,0.263425749,-11.51508663
75% Corpus,25,0.01,0.31,0.403665277,-8.290126934
75% Corpus,25,0.01,0.61,0.373875281,-8.301337173
75% Corpus,25,0.01,0.91,0.430705258,-8.340851934
75% Corpus,25,0.01,symmetric,0.271466823,-8.981632342
75% Corpus,25,0.31,0.01,0.262692559,-11.89487061
75% Corpus,25,0.31,0.31,0.409023224,-8.336205412
75% Corpus,25,0.31,0.61,0.368387981,-8.417734831
75% Corpus,25,0.31,0.91,0.420170614,-8.450730858
75% Corpus,25,0.31,symmetric,0.262098619,-9.049546536
75% Corpus,25,0.61,0.01,0.264808013,-12.26206695
75% Corpus,25,0.61,0.31,0.378946923,-8.440616955
75% Corpus,25,0.61,0.61,0.402585324,-8.484386025
75% Corpus,25,0.61,0.91,0.488986696,-8.497387136
75% Corpus,25,0.61,symmetric,0.254115784,-9.158524394
75% Corpus,25,0.91,0.01,0.267497542,-13.12645298
75% Corpus,25,0.91,0.31,0.363990404,-8.490353822
75% Corpus,25,0.91,0.61,0.37720281,-8.529509066
75% Corpus,25,0.91,0.91,0.479097287,-8.535353796
75% Corpus,25,0.91,symmetric,0.263786541,-9.270765599
75% Corpus,25,symmetric,0.01,0.260931508,-11.43326993
75% Corpus,25,symmetric,0.31,0.397533925,-8.263740259
75% Corpus,25,symmetric,0.61,0.364886087,-8.330187772
75% Corpus,25,symmetric,0.91,0.410760999,-8.348719991
75% Corpus,25,symmetric,symmetric,0.273375168,-9.031674319
75% Corpus,25,asymmetric,0.01,0.25709963,-11.43223582
75% Corpus,25,asymmetric,0.31,0.400576159,-8.255810626
75% Corpus,25,asymmetric,0.61,0.385863678,-8.283699478
75% Corpus,25,asymmetric,0.91,0.418352039,-8.318727152
75% Corpus,25,asymmetric,symmetric,0.27193363,-8.976285475
75% Corpus,26,0.01,0.01,0.256446315,-11.748554
75% Corpus,26,0.01,0.31,0.41322671,-8.267575578
75% Corpus,26,0.01,0.61,0.426332473,-8.323084472
75% Corpus,26,0.01,0.91,0.370958057,-8.339318581
75% Corpus,26,0.01,symmetric,0.270942859,-9.005130888
75% Corpus,26,0.31,0.01,0.255430451,-11.7653481
75% Corpus,26,0.31,0.31,0.409733912,-8.349492461
75% Corpus,26,0.31,0.61,0.368480356,-8.424037778
75% Corpus,26,0.31,0.91,0.457610727,-8.455552338
75% Corpus,26,0.31,symmetric,0.275740686,-9.059975045
75% Corpus,26,0.61,0.01,0.264548752,-12.24029394
75% Corpus,26,0.61,0.31,0.370571433,-8.423015779
75% Corpus,26,0.61,0.61,0.436903142,-8.492111044
75% Corpus,26,0.61,0.91,0.447132817,-8.484780787
75% Corpus,26,0.61,symmetric,0.254859893,-9.217020276
75% Corpus,26,0.91,0.01,0.268785483,-12.84415447
75% Corpus,26,0.91,0.31,0.370622644,-8.498447799
75% Corpus,26,0.91,0.61,0.43095967,-8.528219133
75% Corpus,26,0.91,0.91,0.457304825,-8.554540379
75% Corpus,26,0.91,symmetric,0.262376268,-9.400497742
75% Corpus,26,symmetric,0.01,0.25884497,-11.44801698
75% Corpus,26,symmetric,0.31,0.405562295,-8.28222695
75% Corpus,26,symmetric,0.61,0.416516811,-8.340213813
75% Corpus,26,symmetric,0.91,0.456749039,-8.358838712
75% Corpus,26,symmetric,symmetric,0.270056829,-9.000974369
75% Corpus,26,asymmetric,0.01,0.254829352,-11.72408186
75% Corpus,26,asymmetric,0.31,0.428034312,-8.252101151
75% Corpus,26,asymmetric,0.61,0.416702434,-8.278243401
75% Corpus,26,asymmetric,0.91,0.38726076,-8.308760331
75% Corpus,26,asymmetric,symmetric,0.262269538,-9.019374469
75% Corpus,27,0.01,0.01,0.260877923,-11.35000542
75% Corpus,27,0.01,0.31,0.401601332,-8.28591175
75% Corpus,27,0.01,0.61,0.405298099,-8.30478873
75% Corpus,27,0.01,0.91,0.408531502,-8.327995986
75% Corpus,27,0.01,symmetric,0.269686381,-9.053051618
75% Corpus,27,0.31,0.01,0.255842843,-11.53946119
75% Corpus,27,0.31,0.31,0.379414868,-8.357428273
75% Corpus,27,0.31,0.61,0.42625531,-8.421992078
75% Corpus,27,0.31,0.91,0.388795847,-8.420845017
75% Corpus,27,0.31,symmetric,0.273015377,-9.200037037
75% Corpus,27,0.61,0.01,0.263837155,-12.63775777
75% Corpus,27,0.61,0.31,0.381830478,-8.441128298
75% Corpus,27,0.61,0.61,0.44278673,-8.478207098
75% Corpus,27,0.61,0.91,0.506737112,-8.494466264
75% Corpus,27,0.61,symmetric,0.257886655,-9.300767462
75% Corpus,27,0.91,0.01,0.267664192,-13.17187954
75% Corpus,27,0.91,0.31,0.355974273,-8.501302758
75% Corpus,27,0.91,0.61,0.442580968,-8.538734877
75% Corpus,27,0.91,0.91,0.398873319,-8.555361163
75% Corpus,27,0.91,symmetric,0.260164979,-9.465725495
75% Corpus,27,symmetric,0.01,0.260451796,-11.7246153
75% Corpus,27,symmetric,0.31,0.389016863,-8.299401562
75% Corpus,27,symmetric,0.61,0.399669848,-8.325120001
75% Corpus,27,symmetric,0.91,0.416270489,-8.321587015
75% Corpus,27,symmetric,symmetric,0.27082619,-9.05185235
75% Corpus,27,asymmetric,0.01,0.254297154,-11.32301719
75% Corpus,27,asymmetric,0.31,0.417014148,-8.246500975
75% Corpus,27,asymmetric,0.61,0.421925916,-8.281241521
75% Corpus,27,asymmetric,0.91,0.396788852,-8.322149829
75% Corpus,27,asymmetric,symmetric,0.269029764,-9.065759042
75% Corpus,28,0.01,0.01,0.26471567,-11.58034876
75% Corpus,28,0.01,0.31,0.406754197,-8.259495436
75% Corpus,28,0.01,0.61,0.392344692,-8.282824638
75% Corpus,28,0.01,0.91,0.38347759,-8.305384797
75% Corpus,28,0.01,symmetric,0.28996184,-9.075079804
75% Corpus,28,0.31,0.01,0.273990875,-11.55940012
75% Corpus,28,0.31,0.31,0.382408073,-8.387267384
75% Corpus,28,0.31,0.61,0.399617359,-8.390813405
75% Corpus,28,0.31,0.91,0.502987504,-8.423367752
75% Corpus,28,0.31,symmetric,0.292659396,-9.117452644
75% Corpus,28,0.61,0.01,0.267187105,-12.36212385
75% Corpus,28,0.61,0.31,0.353069156,-8.440142531
75% Corpus,28,0.61,0.61,0.448776664,-8.494308046
75% Corpus,28,0.61,0.91,0.54457538,-8.503107434
75% Corpus,28,0.61,symmetric,0.279347557,-9.379109062
75% Corpus,28,0.91,0.01,0.267857503,-13.09561509
75% Corpus,28,0.91,0.31,0.357203455,-8.526665589
75% Corpus,28,0.91,0.61,0.458211891,-8.551493981
75% Corpus,28,0.91,0.91,0.52845734,-8.574596345
75% Corpus,28,0.91,symmetric,0.264720945,-9.457165338
75% Corpus,28,symmetric,0.01,0.272129596,-11.56954535
75% Corpus,28,symmetric,0.31,0.382215181,-8.276153486
75% Corpus,28,symmetric,0.61,0.375958238,-8.296836293
75% Corpus,28,symmetric,0.91,0.400931673,-8.316438657
75% Corpus,28,symmetric,symmetric,0.288398824,-9.089692653
75% Corpus,28,asymmetric,0.01,0.265806708,-11.50788708
75% Corpus,28,asymmetric,0.31,0.376482792,-8.257477571
75% Corpus,28,asymmetric,0.61,0.41125516,-8.286386078
75% Corpus,28,asymmetric,0.91,0.41236328,-8.310921185
75% Corpus,28,asymmetric,symmetric,0.275796274,-9.108624224
75% Corpus,29,0.01,0.01,0.26234786,-11.78215444
75% Corpus,29,0.01,0.31,0.391510192,-8.243749463
75% Corpus,29,0.01,0.61,0.385414398,-8.279160951
75% Corpus,29,0.01,0.91,0.481779561,-8.303511679
75% Corpus,29,0.01,symmetric,0.282772991,-9.071914366
75% Corpus,29,0.31,0.01,0.266201049,-11.93400702
75% Corpus,29,0.31,0.31,0.37163886,-8.355654597
75% Corpus,29,0.31,0.61,0.474375982,-8.40215615
75% Corpus,29,0.31,0.91,0.465754683,-8.434866648
75% Corpus,29,0.31,symmetric,0.278212188,-9.11878739
75% Corpus,29,0.61,0.01,0.258771933,-12.26156165
75% Corpus,29,0.61,0.31,0.375561889,-8.446386001
75% Corpus,29,0.61,0.61,0.476978221,-8.497018372
75% Corpus,29,0.61,0.91,0.465680734,-8.503246366
75% Corpus,29,0.61,symmetric,0.269690769,-9.408477989
75% Corpus,29,0.91,0.01,0.268280599,-13.07423371
75% Corpus,29,0.91,0.31,0.371848813,-8.52067428
75% Corpus,29,0.91,0.61,0.460653228,-8.539112461
75% Corpus,29,0.91,0.91,0.380712143,-8.578707595
75% Corpus,29,0.91,symmetric,0.266214942,-9.679777621
75% Corpus,29,symmetric,0.01,0.266044269,-11.59769952
75% Corpus,29,symmetric,0.31,0.375399958,-8.28405807
75% Corpus,29,symmetric,0.61,0.376885476,-8.292040408
75% Corpus,29,symmetric,0.91,0.43979754,-8.330229104
75% Corpus,29,symmetric,symmetric,0.273595237,-9.110885961
75% Corpus,29,asymmetric,0.01,0.268822989,-11.47812439
75% Corpus,29,asymmetric,0.31,0.386331675,-8.255078355
75% Corpus,29,asymmetric,0.61,0.414954602,-8.291741714
75% Corpus,29,asymmetric,0.91,0.419377154,-8.307777006
75% Corpus,29,asymmetric,symmetric,0.28074251,-9.019201564
100% Corpus,2,0.01,0.01,0.279412847,-12.58147157
100% Corpus,2,0.01,0.31,0.279323694,-8.240311724
100% Corpus,2,0.01,0.61,0.278861549,-8.260459646
100% Corpus,2,0.01,0.91,0.281393789,-8.285600331
100% Corpus,2,0.01,symmetric,0.279323694,-8.252340459
100% Corpus,2,0.31,0.01,0.279412847,-12.22824789
100% Corpus,2,0.31,0.31,0.278861549,-8.238000239
100% Corpus,2,0.31,0.61,0.279323694,-8.258307582
100% Corpus,2,0.31,0.91,0.279412847,-8.283729708
100% Corpus,2,0.31,symmetric,0.278861549,-8.249522052
100% Corpus,2,0.61,0.01,0.279777325,-12.540514
100% Corpus,2,0.61,0.31,0.279412847,-8.239002161
100% Corpus,2,0.61,0.61,0.278950708,-8.258886311
100% Corpus,2,0.61,0.91,0.282185169,-8.292768859
100% Corpus,2,0.61,symmetric,0.278950708,-8.250404564
100% Corpus,2,0.91,0.01,0.279777325,-12.2374787
100% Corpus,2,0.91,0.31,0.279412847,-8.239995436
100% Corpus,2,0.91,0.61,0.278950708,-8.26023289
100% Corpus,2,0.91,0.91,0.278950708,-8.284642186
100% Corpus,2,0.91,symmetric,0.278950708,-8.251563759
100% Corpus,2,symmetric,0.01,0.279412847,-12.50372689
100% Corpus,2,symmetric,0.31,0.279412847,-8.23820842
100% Corpus,2,symmetric,0.61,0.279412847,-8.258699771
100% Corpus,2,symmetric,0.91,0.282185169,-8.286095996
100% Corpus,2,symmetric,symmetric,0.279323694,-8.250322117
100% Corpus,2,asymmetric,0.01,0.279777325,-12.26303852
100% Corpus,2,asymmetric,0.31,0.279412847,-8.238118169
100% Corpus,2,asymmetric,0.61,0.282185169,-8.262893144
100% Corpus,2,asymmetric,0.91,0.281781544,-8.27920555
100% Corpus,2,asymmetric,symmetric,0.279412847,-8.249810879
100% Corpus,3,0.01,0.01,0.273796573,-12.17703198
100% Corpus,3,0.01,0.31,0.274242776,-8.236275859
100% Corpus,3,0.01,0.61,0.273076717,-8.269906264
100% Corpus,3,0.01,0.91,0.271031573,-8.285417916
100% Corpus,3,0.01,symmetric,0.273875957,-8.237165988
100% Corpus,3,0.31,0.01,0.273796573,-12.17565074
100% Corpus,3,0.31,0.31,0.273906299,-8.241161629
100% Corpus,3,0.31,0.61,0.272019459,-8.263906108
100% Corpus,3,0.31,0.91,0.269183357,-8.286924969
100% Corpus,3,0.31,symmetric,0.275995185,-8.237122167
100% Corpus,3,0.61,0.01,0.274637335,-12.81708524
100% Corpus,3,0.61,0.31,0.27396434,-8.239494055
100% Corpus,3,0.61,0.61,0.273796021,-8.267035567
100% Corpus,3,0.61,0.91,0.265683828,-8.292207024
100% Corpus,3,0.61,symmetric,0.275284277,-8.241256201
100% Corpus,3,0.91,0.01,0.274177893,-12.18645303
100% Corpus,3,0.91,0.31,0.27396434,-8.241898902
100% Corpus,3,0.91,0.61,0.274249555,-8.27385187
100% Corpus,3,0.91,0.91,0.265683828,-8.29745189
100% Corpus,3,0.91,symmetric,0.27396434,-8.246295032
100% Corpus,3,symmetric,0.01,0.274637335,-12.48227382
100% Corpus,3,symmetric,0.31,0.274242776,-8.234726077
100% Corpus,3,symmetric,0.61,0.272933942,-8.261295833
100% Corpus,3,symmetric,0.91,0.269879346,-8.289140297
100% Corpus,3,symmetric,symmetric,0.274675243,-8.23695443
100% Corpus,3,asymmetric,0.01,0.274637335,-12.79414004
100% Corpus,3,asymmetric,0.31,0.273212117,-8.231891438
100% Corpus,3,asymmetric,0.61,0.271279238,-8.257520795
100% Corpus,3,asymmetric,0.91,0.294343766,-8.283984082
100% Corpus,3,asymmetric,symmetric,0.273212117,-8.235039015
100% Corpus,4,0.01,0.01,0.269814818,-12.20021452
100% Corpus,4,0.01,0.31,0.269544773,-8.229946529
100% Corpus,4,0.01,0.61,0.259362676,-8.260998637
100% Corpus,4,0.01,0.91,0.293255123,-8.29582586
100% Corpus,4,0.01,symmetric,0.272242289,-8.225033592
100% Corpus,4,0.31,0.01,0.269613005,-12.16579457
100% Corpus,4,0.31,0.31,0.271289557,-8.233281677
100% Corpus,4,0.31,0.61,0.259362676,-8.266146201
100% Corpus,4,0.31,0.91,0.286954648,-8.29304966
100% Corpus,4,0.31,symmetric,0.271175941,-8.227523908
100% Corpus,4,0.61,0.01,0.271491832,-12.17581028
100% Corpus,4,0.61,0.31,0.269380932,-8.242881526
100% Corpus,4,0.61,0.61,0.25848411,-8.274235045
100% Corpus,4,0.61,0.91,0.277119851,-8.301890892
100% Corpus,4,0.61,symmetric,0.269380932,-8.2367498
100% Corpus,4,0.91,0.01,0.271491832,-12.16167097
100% Corpus,4,0.91,0.31,0.269380932,-8.248735612
100% Corpus,4,0.91,0.61,0.263967873,-8.282605434
100% Corpus,4,0.91,0.91,0.259480256,-8.310330634
100% Corpus,4,0.91,symmetric,0.270978451,-8.243578248
100% Corpus,4,symmetric,0.01,0.269814818,-12.18505671
100% Corpus,4,symmetric,0.31,0.269544773,-8.231930939
100% Corpus,4,symmetric,0.61,0.259362676,-8.265352221
100% Corpus,4,symmetric,0.91,0.287403776,-8.297119203
100% Corpus,4,symmetric,symmetric,0.271629354,-8.22596587
100% Corpus,4,asymmetric,0.01,0.269076929,-12.53950044
100% Corpus,4,asymmetric,0.31,0.26958311,-8.227093276
100% Corpus,4,asymmetric,0.61,0.268311383,-8.257375353
100% Corpus,4,asymmetric,0.91,0.269255533,-8.284942638
100% Corpus,4,asymmetric,symmetric,0.270268299,-8.221813209
100% Corpus,5,0.01,0.01,0.265934267,-12.80806514
100% Corpus,5,0.01,0.31,0.264925197,-8.22729118
100% Corpus,5,0.01,0.61,0.257730318,-8.259327933
100% Corpus,5,0.01,0.91,0.347375539,-8.283232647
100% Corpus,5,0.01,symmetric,0.267576118,-8.223063827
100% Corpus,5,0.31,0.01,0.266467481,-12.77883399
100% Corpus,5,0.31,0.31,0.268115726,-8.23658936
100% Corpus,5,0.31,0.61,0.267051063,-8.272172577
100% Corpus,5,0.31,0.91,0.352383753,-8.294409023
100% Corpus,5,0.31,symmetric,0.268443522,-8.233769004
100% Corpus,5,0.61,0.01,0.268529369,-12.47372851
100% Corpus,5,0.61,0.31,0.268858555,-8.242840868
100% Corpus,5,0.61,0.61,0.265925912,-8.29422813
100% Corpus,5,0.61,0.91,0.336671654,-8.308740419
100% Corpus,5,0.61,symmetric,0.270315853,-8.230110994
100% Corpus,5,0.91,0.01,0.26865269,-12.14760055
100% Corpus,5,0.91,0.31,0.269836854,-8.249736514
100% Corpus,5,0.91,0.61,0.263519355,-8.289899489
100% Corpus,5,0.91,0.91,0.339063012,-8.31970867
100% Corpus,5,0.91,symmetric,0.269480474,-8.237623832
100% Corpus,5,symmetric,0.01,0.266467481,-12.44581284
100% Corpus,5,symmetric,0.31,0.267100451,-8.227861191
100% Corpus,5,symmetric,0.61,0.264413486,-8.262833268
100% Corpus,5,symmetric,0.91,0.331183792,-8.290286558
100% Corpus,5,symmetric,symmetric,0.270502778,-8.216716123
100% Corpus,5,asymmetric,0.01,0.266198494,-12.79785737
100% Corpus,5,asymmetric,0.31,0.266394345,-8.222688959
100% Corpus,5,asymmetric,0.61,0.293968417,-8.25481995
100% Corpus,5,asymmetric,0.91,0.357736178,-8.284275552
100% Corpus,5,asymmetric,symmetric,0.264626134,-8.216011057
100% Corpus,6,0.01,0.01,0.269040491,-12.18629718
100% Corpus,6,0.01,0.31,0.263001341,-8.217527771
100% Corpus,6,0.01,0.61,0.280577353,-8.255998092
100% Corpus,6,0.01,0.91,0.365318767,-8.289847668
100% Corpus,6,0.01,symmetric,0.265569547,-8.218568752
100% Corpus,6,0.31,0.01,0.267094071,-12.16284806
100% Corpus,6,0.31,0.31,0.264516811,-8.22799453
100% Corpus,6,0.31,0.61,0.286039886,-8.271082677
100% Corpus,6,0.31,0.91,0.349551504,-8.305416234
100% Corpus,6,0.31,symmetric,0.269296971,-8.223201657
100% Corpus,6,0.61,0.01,0.268012095,-12.46785958
100% Corpus,6,0.61,0.31,0.263140554,-8.243483035
100% Corpus,6,0.61,0.61,0.272993259,-8.286625711
100% Corpus,6,0.61,0.91,0.337646633,-8.320139031
100% Corpus,6,0.61,symmetric,0.269693284,-8.231090265
100% Corpus,6,0.91,0.01,0.268731346,-12.48400353
100% Corpus,6,0.91,0.31,0.267286628,-8.254172404
100% Corpus,6,0.91,0.61,0.269945924,-8.298511449
100% Corpus,6,0.91,0.91,0.323620975,-8.332635951
100% Corpus,6,0.91,symmetric,0.267385321,-8.241199291
100% Corpus,6,symmetric,0.01,0.267290124,-12.10908233
100% Corpus,6,symmetric,0.31,0.267389417,-8.221152611
100% Corpus,6,symmetric,0.61,0.297796018,-8.26280231
100% Corpus,6,symmetric,0.91,0.357137404,-8.292992037
100% Corpus,6,symmetric,symmetric,0.266551088,-8.225358345
100% Corpus,6,asymmetric,0.01,0.269396193,-12.76902541
100% Corpus,6,asymmetric,0.31,0.264852351,-8.215472148
100% Corpus,6,asymmetric,0.61,0.300340402,-8.253833777
100% Corpus,6,asymmetric,0.91,0.376477263,-8.285982568
100% Corpus,6,asymmetric,symmetric,0.262766558,-8.214381047
100% Corpus,7,0.01,0.01,0.264047257,-12.17986961
100% Corpus,7,0.01,0.31,0.261860938,-8.218002669
100% Corpus,7,0.01,0.61,0.33148121,-8.263834459
100% Corpus,7,0.01,0.91,0.392949464,-8.283659057
100% Corpus,7,0.01,symmetric,0.265996279,-8.246505484
100% Corpus,7,0.31,0.01,0.266294365,-12.45709125
100% Corpus,7,0.31,0.31,0.259778231,-8.232337121
100% Corpus,7,0.31,0.61,0.297126311,-8.27406438
100% Corpus,7,0.31,0.91,0.370260193,-8.308000934
100% Corpus,7,0.31,symmetric,0.260856418,-8.253659557
100% Corpus,7,0.61,0.01,0.266806672,-12.17014192
100% Corpus,7,0.61,0.31,0.26236313,-8.250092085
100% Corpus,7,0.61,0.61,0.288433609,-8.292803696
100% Corpus,7,0.61,0.91,0.376556638,-8.328299152
100% Corpus,7,0.61,symmetric,0.267216256,-8.261682344
100% Corpus,7,0.91,0.01,0.26726739,-12.19675871
100% Corpus,7,0.91,0.31,0.267292121,-8.261173031
100% Corpus,7,0.91,0.61,0.274004617,-8.308833039
100% Corpus,7,0.91,0.91,0.370000179,-8.344566076
100% Corpus,7,0.91,symmetric,0.265985698,-8.276740768
100% Corpus,7,symmetric,0.01,0.26650666,-12.14640489
100% Corpus,7,symmetric,0.31,0.259185602,-8.222161576
100% Corpus,7,symmetric,0.61,0.301047479,-8.26190433
100% Corpus,7,symmetric,0.91,0.386659952,-8.294102442
100% Corpus,7,symmetric,symmetric,0.261988524,-8.2467022
100% Corpus,7,asymmetric,0.01,0.266015332,-12.76176056
100% Corpus,7,asymmetric,0.31,0.263497675,-8.216601924
100% Corpus,7,asymmetric,0.61,0.326347782,-8.252094391
100% Corpus,7,asymmetric,0.91,0.386618394,-8.288078642
100% Corpus,7,asymmetric,symmetric,0.261764445,-8.245035951
100% Corpus,8,0.01,0.01,0.263572197,-12.00801054
100% Corpus,8,0.01,0.31,0.259876178,-8.218082949
100% Corpus,8,0.01,0.61,0.323316666,-8.257430603
100% Corpus,8,0.01,0.91,0.374123463,-8.286915956
100% Corpus,8,0.01,symmetric,0.26343103,-8.303894747
100% Corpus,8,0.31,0.01,0.268800005,-12.14688639
100% Corpus,8,0.31,0.31,0.266272771,-8.23572737
100% Corpus,8,0.31,0.61,0.33875862,-8.280567652
100% Corpus,8,0.31,0.91,0.393010477,-8.310556421
100% Corpus,8,0.31,symmetric,0.26353726,-8.30912901
100% Corpus,8,0.61,0.01,0.266161258,-12.18152733
100% Corpus,8,0.61,0.31,0.261271464,-8.255786796
100% Corpus,8,0.61,0.61,0.328152153,-8.300433937
100% Corpus,8,0.61,0.91,0.411118982,-8.333439937
100% Corpus,8,0.61,symmetric,0.265173303,-8.317467199
100% Corpus,8,0.91,0.01,0.26662243,-12.23065536
100% Corpus,8,0.91,0.31,0.260354041,-8.271824248
100% Corpus,8,0.91,0.61,0.296706229,-8.320002224
100% Corpus,8,0.91,0.91,0.401646681,-8.349942425
100% Corpus,8,0.91,symmetric,0.266969317,-8.329442604
100% Corpus,8,symmetric,0.01,0.267082233,-12.12495301
100% Corpus,8,symmetric,0.31,0.264677662,-8.225590962
100% Corpus,8,symmetric,0.61,0.346074152,-8.262361591
100% Corpus,8,symmetric,0.91,0.375164979,-8.298067025
100% Corpus,8,symmetric,symmetric,0.26231309,-8.299864352
100% Corpus,8,asymmetric,0.01,0.263192015,-12.12852945
100% Corpus,8,asymmetric,0.31,0.265911093,-8.214392601
100% Corpus,8,asymmetric,0.61,0.348096336,-8.256034344
100% Corpus,8,asymmetric,0.91,0.357625862,-8.289756632
100% Corpus,8,asymmetric,symmetric,0.265825584,-8.306748003
100% Corpus,9,0.01,0.01,0.264821844,-12.14031835
100% Corpus,9,0.01,0.31,0.259342061,-8.218948902
100% Corpus,9,0.01,0.61,0.410137765,-8.255035807
100% Corpus,9,0.01,0.91,0.431351004,-8.281112221
100% Corpus,9,0.01,symmetric,0.254769937,-8.377830595
100% Corpus,9,0.31,0.01,0.262242308,-12.1468774
100% Corpus,9,0.31,0.31,0.257089022,-8.242828842
100% Corpus,9,0.31,0.61,0.402985705,-8.284972191
100% Corpus,9,0.31,0.91,0.411639795,-8.314290797
100% Corpus,9,0.31,symmetric,0.262828627,-8.396855932
100% Corpus,9,0.61,0.01,0.263287916,-12.47357237
100% Corpus,9,0.61,0.31,0.255507123,-8.264288637
100% Corpus,9,0.61,0.61,0.370229196,-8.307709959
100% Corpus,9,0.61,0.91,0.431734487,-8.338075379
100% Corpus,9,0.61,symmetric,0.262324271,-8.398564493
100% Corpus,9,0.91,0.01,0.266673063,-12.21338001
100% Corpus,9,0.91,0.31,0.259909333,-8.281925787
100% Corpus,9,0.91,0.61,0.33867827,-8.32757369
100% Corpus,9,0.91,0.91,0.44277743,-8.361146936
100% Corpus,9,0.91,symmetric,0.263226207,-8.406261395
100% Corpus,9,symmetric,0.01,0.267848153,-12.44440759
100% Corpus,9,symmetric,0.31,0.250897404,-8.224959095
100% Corpus,9,symmetric,0.61,0.393460635,-8.26421424
100% Corpus,9,symmetric,0.91,0.439345736,-8.291929771
100% Corpus,9,symmetric,symmetric,0.264365844,-8.384590204
100% Corpus,9,asymmetric,0.01,0.263789459,-12.17830259
100% Corpus,9,asymmetric,0.31,0.270184465,-8.215102302
100% Corpus,9,asymmetric,0.61,0.410073036,-8.257891691
100% Corpus,9,asymmetric,0.91,0.452883692,-8.288822804
100% Corpus,9,asymmetric,symmetric,0.257434073,-8.38887425
100% Corpus,10,0.01,0.01,0.265928662,-11.96941746
100% Corpus,10,0.01,0.31,0.277352898,-8.218735622
100% Corpus,10,0.01,0.61,0.366737078,-8.256040954
100% Corpus,10,0.01,0.91,0.433169095,-8.274982533
100% Corpus,10,0.01,symmetric,0.258544994,-8.492792201
100% Corpus,10,0.31,0.01,0.263657055,-12.16227517
100% Corpus,10,0.31,0.31,0.281840244,-8.246729662
100% Corpus,10,0.31,0.61,0.366349196,-8.290814512
100% Corpus,10,0.31,0.91,0.407508995,-8.315449083
100% Corpus,10,0.31,symmetric,0.262528768,-8.497750543
100% Corpus,10,0.61,0.01,0.267367745,-12.54041063
100% Corpus,10,0.61,0.31,0.280806957,-8.272927903
100% Corpus,10,0.61,0.61,0.333189176,-8.324548751
100% Corpus,10,0.61,0.91,0.429315134,-8.3500306
100% Corpus,10,0.61,symmetric,0.266278152,-8.481597633
100% Corpus,10,0.91,0.01,0.268717011,-12.82759468
100% Corpus,10,0.91,0.31,0.267267721,-8.292815476
100% Corpus,10,0.91,0.61,0.337220684,-8.350410728
100% Corpus,10,0.91,0.91,0.426125608,-8.378161204
100% Corpus,10,0.91,symmetric,0.265784128,-8.507340685
100% Corpus,10,symmetric,0.01,0.263675042,-12.116616
100% Corpus,10,symmetric,0.31,0.275804116,-8.22167908
100% Corpus,10,symmetric,0.61,0.339353766,-8.269301643
100% Corpus,10,symmetric,0.91,0.391032846,-8.288472366
100% Corpus,10,symmetric,symmetric,0.261698403,-8.442146929
100% Corpus,10,asymmetric,0.01,0.264720345,-11.89131798
100% Corpus,10,asymmetric,0.31,0.2792742,-8.211802799
100% Corpus,10,asymmetric,0.61,0.387700831,-8.251438183
100% Corpus,10,asymmetric,0.91,0.431596663,-8.284709894
100% Corpus,10,asymmetric,symmetric,0.261361652,-8.463198173
100% Corpus,11,0.01,0.01,0.262929534,-11.92751945
100% Corpus,11,0.01,0.31,0.316053673,-8.214800992
100% Corpus,11,0.01,0.61,0.384381647,-8.252110498
100% Corpus,11,0.01,0.91,0.437411495,-8.296028556
100% Corpus,11,0.01,symmetric,0.266147359,-8.533834688
100% Corpus,11,0.31,0.01,0.264376636,-12.12837872
100% Corpus,11,0.31,0.31,0.319686126,-8.248232235
100% Corpus,11,0.31,0.61,0.369087573,-8.293239946
100% Corpus,11,0.31,0.91,0.421694895,-8.335380246
100% Corpus,11,0.31,symmetric,0.259956939,-8.549083162
100% Corpus,11,0.61,0.01,0.266126384,-12.01900862
100% Corpus,11,0.61,0.31,0.28720674,-8.277925354
100% Corpus,11,0.61,0.61,0.380969485,-8.323653003
100% Corpus,11,0.61,0.91,0.469426907,-8.36001841
100% Corpus,11,0.61,symmetric,0.260892435,-8.578498834
100% Corpus,11,0.91,0.01,0.267540275,-12.06131016
100% Corpus,11,0.91,0.31,0.271767149,-8.309712873
100% Corpus,11,0.91,0.61,0.390238021,-8.360453341
100% Corpus,11,0.91,0.91,0.451643003,-8.386762886
100% Corpus,11,0.91,symmetric,0.263703551,-8.572554494
100% Corpus,11,symmetric,0.01,0.264747195,-12.11035483
100% Corpus,11,symmetric,0.31,0.316637194,-8.221124599
100% Corpus,11,symmetric,0.61,0.357180091,-8.263618698
100% Corpus,11,symmetric,0.91,0.416751365,-8.302993899
100% Corpus,11,symmetric,symmetric,0.264095206,-8.530165634
100% Corpus,11,asymmetric,0.01,0.267360094,-12.38186075
100% Corpus,11,asymmetric,0.31,0.325217973,-8.224395407
100% Corpus,11,asymmetric,0.61,0.38846712,-8.268688252
100% Corpus,11,asymmetric,0.91,0.436373369,-8.285606206
100% Corpus,11,asymmetric,symmetric,0.264188504,-8.540682951
100% Corpus,12,0.01,0.01,0.266089057,-12.79504069
100% Corpus,12,0.01,0.31,0.340521479,-8.212197002
100% Corpus,12,0.01,0.61,0.42770419,-8.252484666
100% Corpus,12,0.01,0.91,0.430658404,-8.287073786
100% Corpus,12,0.01,symmetric,0.261378274,-8.617601986
100% Corpus,12,0.31,0.01,0.264995643,-12.20639327
100% Corpus,12,0.31,0.31,0.346097147,-8.250747993
100% Corpus,12,0.31,0.61,0.385272014,-8.301646392
100% Corpus,12,0.31,0.91,0.433137115,-8.33294757
100% Corpus,12,0.31,symmetric,0.260031128,-8.604661066
100% Corpus,12,0.61,0.01,0.266308717,-12.02968099
100% Corpus,12,0.61,0.31,0.284222087,-8.294971579
100% Corpus,12,0.61,0.61,0.384235028,-8.33063014
100% Corpus,12,0.61,0.91,0.435822859,-8.365782511
100% Corpus,12,0.61,symmetric,0.267084462,-8.68128673
100% Corpus,12,0.91,0.01,0.266312331,-12.14922396
100% Corpus,12,0.91,0.31,0.281823098,-8.30663779
100% Corpus,12,0.91,0.61,0.403119672,-8.358252176
100% Corpus,12,0.91,0.91,0.42170778,-8.404586751
100% Corpus,12,0.91,symmetric,0.267067889,-8.684408952
100% Corpus,12,symmetric,0.01,0.263142448,-12.129044
100% Corpus,12,symmetric,0.31,0.327556967,-8.221129227
100% Corpus,12,symmetric,0.61,0.423521984,-8.261511027
100% Corpus,12,symmetric,0.91,0.416567397,-8.296452958
100% Corpus,12,symmetric,symmetric,0.258281441,-8.615306633
100% Corpus,12,asymmetric,0.01,0.263499335,-11.90062203
100% Corpus,12,asymmetric,0.31,0.345519729,-8.222324415
100% Corpus,12,asymmetric,0.61,0.399442497,-8.264499445
100% Corpus,12,asymmetric,0.91,0.429042103,-8.285911982
100% Corpus,12,asymmetric,symmetric,0.25815298,-8.615975911
100% Corpus,13,0.01,0.01,0.267487535,-12.18998443
100% Corpus,13,0.01,0.31,0.345513863,-8.219698899
100% Corpus,13,0.01,0.61,0.435277349,-8.260734669
100% Corpus,13,0.01,0.91,0.459211878,-8.287477817
100% Corpus,13,0.01,symmetric,0.262824835,-8.569738998
100% Corpus,13,0.31,0.01,0.266603477,-11.92006823
100% Corpus,13,0.31,0.31,0.351734695,-8.256848991
100% Corpus,13,0.31,0.61,0.41220332,-8.31399063
100% Corpus,13,0.31,0.91,0.41135402,-8.347097544
100% Corpus,13,0.31,symmetric,0.276600451,-8.649573733
100% Corpus,13,0.61,0.01,0.269501627,-12.05325814
100% Corpus,13,0.61,0.31,0.300631255,-8.295440045
100% Corpus,13,0.61,0.61,0.453769075,-8.34066541
100% Corpus,13,0.61,0.91,0.424821056,-8.376575873
100% Corpus,13,0.61,symmetric,0.26135266,-8.671511988
100% Corpus,13,0.91,0.01,0.267764146,-12.18655936
100% Corpus,13,0.91,0.31,0.295252464,-8.31719439
100% Corpus,13,0.91,0.61,0.418248845,-8.3695043
100% Corpus,13,0.91,0.91,0.421102372,-8.410814667
100% Corpus,13,0.91,symmetric,0.266180568,-8.699909465
100% Corpus,13,symmetric,0.01,0.268435618,-12.08777728
100% Corpus,13,symmetric,0.31,0.323529487,-8.226654772
100% Corpus,13,symmetric,0.61,0.425262836,-8.266438298
100% Corpus,13,symmetric,0.91,0.421062557,-8.297987267
100% Corpus,13,symmetric,symmetric,0.272838224,-8.657175542
100% Corpus,13,asymmetric,0.01,0.267616678,-11.86873592
100% Corpus,13,asymmetric,0.31,0.32649818,-8.226081174
100% Corpus,13,asymmetric,0.61,0.420433741,-8.266876798
100% Corpus,13,asymmetric,0.91,0.407702852,-8.284915705
100% Corpus,13,asymmetric,symmetric,0.262360748,-8.629204051
100% Corpus,14,0.01,0.01,0.263708904,-12.18528804
100% Corpus,14,0.01,0.31,0.3635769,-8.216451924
100% Corpus,14,0.01,0.61,0.453116586,-8.25517654
100% Corpus,14,0.01,0.91,0.451397786,-8.285134894
100% Corpus,14,0.01,symmetric,0.2608494,-8.665296641
100% Corpus,14,0.31,0.01,0.26312664,-12.17048358
100% Corpus,14,0.31,0.31,0.355945575,-8.262392979
100% Corpus,14,0.31,0.61,0.396001071,-8.310730976
100% Corpus,14,0.31,0.91,0.458225077,-8.340706317
100% Corpus,14,0.31,symmetric,0.254988903,-8.685653639
100% Corpus,14,0.61,0.01,0.263438284,-12.0946466
100% Corpus,14,0.61,0.31,0.341370386,-8.300617304
100% Corpus,14,0.61,0.61,0.420481524,-8.345839701
100% Corpus,14,0.61,0.91,0.44617175,-8.381341816
100% Corpus,14,0.61,symmetric,0.249663278,-8.734170968
100% Corpus,14,0.91,0.01,0.270802306,-12.38972429
100% Corpus,14,0.91,0.31,0.309807704,-8.329397631
100% Corpus,14,0.91,0.61,0.413541076,-8.379671506
100% Corpus,14,0.91,0.91,0.446966607,-8.416849024
100% Corpus,14,0.91,symmetric,0.262844381,-8.748669067
100% Corpus,14,symmetric,0.01,0.266335658,-11.86275654
100% Corpus,14,symmetric,0.31,0.348499793,-8.235402856
100% Corpus,14,symmetric,0.61,0.455419645,-8.261794856
100% Corpus,14,symmetric,0.91,0.449633153,-8.30701159
100% Corpus,14,symmetric,symmetric,0.258417043,-8.690776796
100% Corpus,14,asymmetric,0.01,0.263578758,-12.11230582
100% Corpus,14,asymmetric,0.31,0.354834134,-8.224290305
100% Corpus,14,asymmetric,0.61,0.399601549,-8.266930495
100% Corpus,14,asymmetric,0.91,0.398376948,-8.285697351
100% Corpus,14,asymmetric,symmetric,0.260744861,-8.730012079
100% Corpus,15,0.01,0.01,0.260594862,-11.9451073
100% Corpus,15,0.01,0.31,0.36250077,-8.220457322
100% Corpus,15,0.01,0.61,0.423396705,-8.264489073
100% Corpus,15,0.01,0.91,0.411621162,-8.303261303
100% Corpus,15,0.01,symmetric,0.263777576,-8.735159231
100% Corpus,15,0.31,0.01,0.264348745,-11.76449537
100% Corpus,15,0.31,0.31,0.376873345,-8.268246702
100% Corpus,15,0.31,0.61,0.420159734,-8.317080235
100% Corpus,15,0.31,0.91,0.39592089,-8.36794629
100% Corpus,15,0.31,symmetric,0.261929396,-8.755620757
100% Corpus,15,0.61,0.01,0.264208269,-12.07478773
100% Corpus,15,0.61,0.31,0.363420222,-8.310814716
100% Corpus,15,0.61,0.61,0.43211183,-8.35878584
100% Corpus,15,0.61,0.91,0.390030196,-8.405046017
100% Corpus,15,0.61,symmetric,0.257921402,-8.74558807
100% Corpus,15,0.91,0.01,0.26827306,-12.18430199
100% Corpus,15,0.91,0.31,0.346748718,-8.336878743
100% Corpus,15,0.91,0.61,0.456167165,-8.391763308
100% Corpus,15,0.91,0.91,0.429387724,-8.437398638
100% Corpus,15,0.91,symmetric,0.265568606,-8.762758016
100% Corpus,15,symmetric,0.01,0.263890355,-11.89766029
100% Corpus,15,symmetric,0.31,0.341994104,-8.224020381
100% Corpus,15,symmetric,0.61,0.439962897,-8.274258048
100% Corpus,15,symmetric,0.91,0.399362675,-8.313235451
100% Corpus,15,symmetric,symmetric,0.259587818,-8.696848287
100% Corpus,15,asymmetric,0.01,0.270518348,-12.0983231
100% Corpus,15,asymmetric,0.31,0.3420538,-8.22435576
100% Corpus,15,asymmetric,0.61,0.413124228,-8.278245721
100% Corpus,15,asymmetric,0.91,0.434022022,-8.288968862
100% Corpus,15,asymmetric,symmetric,0.269437106,-8.693662699
100% Corpus,16,0.01,0.01,0.262430449,-12.11382949
100% Corpus,16,0.01,0.31,0.345974847,-8.233073689
100% Corpus,16,0.01,0.61,0.423472656,-8.267936236
100% Corpus,16,0.01,0.91,0.394245365,-8.286933156
100% Corpus,16,0.01,symmetric,0.264280488,-8.73254851
100% Corpus,16,0.31,0.01,0.258984983,-11.9819344
100% Corpus,16,0.31,0.31,0.346983572,-8.2721273
100% Corpus,16,0.31,0.61,0.415542514,-8.321595363
100% Corpus,16,0.31,0.91,0.380422202,-8.345971574
100% Corpus,16,0.31,symmetric,0.26048983,-8.795251351
100% Corpus,16,0.61,0.01,0.264011521,-12.27381751
100% Corpus,16,0.61,0.31,0.348794406,-8.312097743
100% Corpus,16,0.61,0.61,0.406983667,-8.367128866
100% Corpus,16,0.61,0.91,0.393285112,-8.393898949
100% Corpus,16,0.61,symmetric,0.263464649,-8.781282832
100% Corpus,16,0.91,0.01,0.270128864,-12.32087047
100% Corpus,16,0.91,0.31,0.321698604,-8.346351217
100% Corpus,16,0.91,0.61,0.3957816,-8.403673427
100% Corpus,16,0.91,0.91,0.391554407,-8.431548927
100% Corpus,16,0.91,symmetric,0.263524743,-8.836366458
100% Corpus,16,symmetric,0.01,0.266669361,-12.06927804
100% Corpus,16,symmetric,0.31,0.365780089,-8.225381588
100% Corpus,16,symmetric,0.61,0.415937417,-8.277667026
100% Corpus,16,symmetric,0.91,0.402137542,-8.293492288
100% Corpus,16,symmetric,symmetric,0.261233865,-8.737634025
100% Corpus,16,asymmetric,0.01,0.26253591,-12.37010987
100% Corpus,16,asymmetric,0.31,0.37402511,-8.2220852
100% Corpus,16,asymmetric,0.61,0.419961256,-8.26858212
100% Corpus,16,asymmetric,0.91,0.466876892,-8.287380534
100% Corpus,16,asymmetric,symmetric,0.254603716,-8.735387603
100% Corpus,17,0.01,0.01,0.26224642,-11.91711436
100% Corpus,17,0.01,0.31,0.350482739,-8.221603731
100% Corpus,17,0.01,0.61,0.401350923,-8.270366887
100% Corpus,17,0.01,0.91,0.434665363,-8.310690353
100% Corpus,17,0.01,symmetric,0.263471916,-8.806790787
100% Corpus,17,0.31,0.01,0.259803624,-11.94771693
100% Corpus,17,0.31,0.31,0.381398167,-8.279145364
100% Corpus,17,0.31,0.61,0.382875105,-8.330254657
100% Corpus,17,0.31,0.91,0.43741917,-8.38108784
100% Corpus,17,0.31,symmetric,0.257919603,-8.789393534
100% Corpus,17,0.61,0.01,0.264117129,-12.14094183
100% Corpus,17,0.61,0.31,0.378952469,-8.328719714
100% Corpus,17,0.61,0.61,0.401766559,-8.37718671
100% Corpus,17,0.61,0.91,0.403872522,-8.418928449
100% Corpus,17,0.61,symmetric,0.261551251,-8.81842498
100% Corpus,17,0.91,0.01,0.272410673,-12.50438256
100% Corpus,17,0.91,0.31,0.34706942,-8.35996916
100% Corpus,17,0.91,0.61,0.41427421,-8.414857833
100% Corpus,17,0.91,0.91,0.367693246,-8.443482846
100% Corpus,17,0.91,symmetric,0.26703654,-8.856598099
100% Corpus,17,symmetric,0.01,0.261225627,-11.86062882
100% Corpus,17,symmetric,0.31,0.357043119,-8.227075068
100% Corpus,17,symmetric,0.61,0.397652927,-8.283024171
100% Corpus,17,symmetric,0.91,0.388094199,-8.316296456
100% Corpus,17,symmetric,symmetric,0.262118287,-8.736279494
100% Corpus,17,asymmetric,0.01,0.262844717,-11.85633775
100% Corpus,17,asymmetric,0.31,0.356664074,-8.223400953
100% Corpus,17,asymmetric,0.61,0.378071611,-8.268016921
100% Corpus,17,asymmetric,0.91,0.42265403,-8.290723369
100% Corpus,17,asymmetric,symmetric,0.263834457,-8.762454578
100% Corpus,18,0.01,0.01,0.260971584,-11.95396059
100% Corpus,18,0.01,0.31,0.384677062,-8.225143406
100% Corpus,18,0.01,0.61,0.432888024,-8.269316149
100% Corpus,18,0.01,0.91,0.386901051,-8.306838168
100% Corpus,18,0.01,symmetric,0.263314263,-8.852034783
100% Corpus,18,0.31,0.01,0.267161973,-11.80491472
100% Corpus,18,0.31,0.31,0.36677799,-8.278185184
100% Corpus,18,0.31,0.61,0.405196231,-8.341194527
100% Corpus,18,0.31,0.91,0.412025358,-8.367383635
100% Corpus,18,0.31,symmetric,0.255981861,-8.842337591
100% Corpus,18,0.61,0.01,0.265093978,-12.15324469
100% Corpus,18,0.61,0.31,0.354340806,-8.326504494
100% Corpus,18,0.61,0.61,0.398347283,-8.3824701
100% Corpus,18,0.61,0.91,0.350342468,-8.411348789
100% Corpus,18,0.61,symmetric,0.255060509,-8.87202183
100% Corpus,18,0.91,0.01,0.26866056,-12.41216947
100% Corpus,18,0.91,0.31,0.341738481,-8.363473181
100% Corpus,18,0.91,0.61,0.397150734,-8.422014357
100% Corpus,18,0.91,0.91,0.35114819,-8.454518265
100% Corpus,18,0.91,symmetric,0.262896473,-8.897086168
100% Corpus,18,symmetric,0.01,0.265202847,-11.74703068
100% Corpus,18,symmetric,0.31,0.394628438,-8.22430945
100% Corpus,18,symmetric,0.61,0.423866608,-8.274880457
100% Corpus,18,symmetric,0.91,0.39334011,-8.318069112
100% Corpus,18,symmetric,symmetric,0.260749772,-8.807225783
100% Corpus,18,asymmetric,0.01,0.268963243,-12.05017447
100% Corpus,18,asymmetric,0.31,0.376092486,-8.22567339
100% Corpus,18,asymmetric,0.61,0.423423831,-8.265794283
100% Corpus,18,asymmetric,0.91,0.416736066,-8.290291498
100% Corpus,18,asymmetric,symmetric,0.263003932,-8.806320818
100% Corpus,19,0.01,0.01,0.254631587,-12.1238644
100% Corpus,19,0.01,0.31,0.403149215,-8.217071587
100% Corpus,19,0.01,0.61,0.434067165,-8.255139686
100% Corpus,19,0.01,0.91,0.435801553,-8.286582196
100% Corpus,19,0.01,symmetric,0.26367792,-8.885536575
100% Corpus,19,0.31,0.01,0.260641967,-12.02012034
100% Corpus,19,0.31,0.31,0.372100396,-8.282595213
100% Corpus,19,0.31,0.61,0.418767968,-8.331974739
100% Corpus,19,0.31,0.91,0.431211689,-8.361145916
100% Corpus,19,0.31,symmetric,0.264946303,-8.866273901
100% Corpus,19,0.61,0.01,0.264278773,-12.2225818
100% Corpus,19,0.61,0.31,0.376386698,-8.334016205
100% Corpus,19,0.61,0.61,0.378430822,-8.396944797
100% Corpus,19,0.61,0.91,0.381401697,-8.421620588
100% Corpus,19,0.61,symmetric,0.257725879,-8.909554842
100% Corpus,19,0.91,0.01,0.265604558,-12.44110493
100% Corpus,19,0.91,0.31,0.345510971,-8.373491202
100% Corpus,19,0.91,0.61,0.411292936,-8.436967124
100% Corpus,19,0.91,0.91,0.344780032,-8.464571722
100% Corpus,19,0.91,symmetric,0.262285676,-8.94113842
100% Corpus,19,symmetric,0.01,0.263072353,-11.69787392
100% Corpus,19,symmetric,0.31,0.385143827,-8.227156747
100% Corpus,19,symmetric,0.61,0.410225654,-8.264341834
100% Corpus,19,symmetric,0.91,0.447738381,-8.296808786
100% Corpus,19,symmetric,symmetric,0.260675592,-8.875379703
100% Corpus,19,asymmetric,0.01,0.263365276,-12.07616527
100% Corpus,19,asymmetric,0.31,0.387272397,-8.222885266
100% Corpus,19,asymmetric,0.61,0.436973807,-8.259420269
100% Corpus,19,asymmetric,0.91,0.412833249,-8.289420347
100% Corpus,19,asymmetric,symmetric,0.263106263,-8.830046035
100% Corpus,20,0.01,0.01,0.26352159,-11.9693804
100% Corpus,20,0.01,0.31,0.38317358,-8.218932355
100% Corpus,20,0.01,0.61,0.404371743,-8.269084461
100% Corpus,20,0.01,0.91,0.381674685,-8.320309005
100% Corpus,20,0.01,symmetric,0.266649144,-8.838945716
100% Corpus,20,0.31,0.01,0.261940799,-11.98682957
100% Corpus,20,0.31,0.31,0.379938525,-8.284571353
100% Corpus,20,0.31,0.61,0.39494529,-8.339444063
100% Corpus,20,0.31,0.91,0.38382506,-8.382463205
100% Corpus,20,0.31,symmetric,0.262158934,-8.883455191
100% Corpus,20,0.61,0.01,0.265516584,-12.09316808
100% Corpus,20,0.61,0.31,0.369795189,-8.340671514
100% Corpus,20,0.61,0.61,0.378249736,-8.39372215
100% Corpus,20,0.61,0.91,0.390115364,-8.428090906
100% Corpus,20,0.61,symmetric,0.264001528,-9.002877715
100% Corpus,20,0.91,0.01,0.268452682,-12.27407958
100% Corpus,20,0.91,0.31,0.34732882,-8.385550525
100% Corpus,20,0.91,0.61,0.366153168,-8.441258837
100% Corpus,20,0.91,0.91,0.399489756,-8.473038125
100% Corpus,20,0.91,symmetric,0.263515826,-8.991565228
100% Corpus,20,symmetric,0.01,0.264838346,-11.87313126
100% Corpus,20,symmetric,0.31,0.40366572,-8.222616447
100% Corpus,20,symmetric,0.61,0.403301876,-8.275883919
100% Corpus,20,symmetric,0.91,0.387179758,-8.302781096
100% Corpus,20,symmetric,symmetric,0.266909694,-8.87390169
100% Corpus,20,asymmetric,0.01,0.26357468,-11.84139156
100% Corpus,20,asymmetric,0.31,0.392061734,-8.21765597
100% Corpus,20,asymmetric,0.61,0.412285055,-8.26410314
100% Corpus,20,asymmetric,0.91,0.428172047,-8.287155712
100% Corpus,20,asymmetric,symmetric,0.262394938,-8.983693216
100% Corpus,21,0.01,0.01,0.269036924,-11.91250295
100% Corpus,21,0.01,0.31,0.394642153,-8.216896536
100% Corpus,21,0.01,0.61,0.404426967,-8.270066747
100% Corpus,21,0.01,0.91,0.452852936,-8.28837431
100% Corpus,21,0.01,symmetric,0.271620262,-8.876696883
100% Corpus,21,0.31,0.01,0.262832434,-12.21118346
100% Corpus,21,0.31,0.31,0.396084914,-8.286854095
100% Corpus,21,0.31,0.61,0.446065678,-8.340393542
100% Corpus,21,0.31,0.91,0.42379973,-8.375254628
100% Corpus,21,0.31,symmetric,0.262660493,-8.992017198
100% Corpus,21,0.61,0.01,0.265777499,-12.30773738
100% Corpus,21,0.61,0.31,0.380672319,-8.346294783
100% Corpus,21,0.61,0.61,0.408733631,-8.400510313
100% Corpus,21,0.61,0.91,0.423925367,-8.434240613
100% Corpus,21,0.61,symmetric,0.263540201,-8.993638634
100% Corpus,21,0.91,0.01,0.269149931,-12.70098766
100% Corpus,21,0.91,0.31,0.370473847,-8.391114177
100% Corpus,21,0.91,0.61,0.392573528,-8.446909045
100% Corpus,21,0.91,0.91,0.379071149,-8.500812971
100% Corpus,21,0.91,symmetric,0.263461453,-9.071793957
100% Corpus,21,symmetric,0.01,0.270615484,-11.86593497
100% Corpus,21,symmetric,0.31,0.410332872,-8.224155094
100% Corpus,21,symmetric,0.61,0.432530514,-8.273220672
100% Corpus,21,symmetric,0.91,0.401495253,-8.302943704
100% Corpus,21,symmetric,symmetric,0.259591255,-8.916160761
100% Corpus,21,asymmetric,0.01,0.266039863,-11.7082654
100% Corpus,21,asymmetric,0.31,0.377059177,-8.218854971
100% Corpus,21,asymmetric,0.61,0.425558908,-8.262310094
100% Corpus,21,asymmetric,0.91,0.423260839,-8.287495267
100% Corpus,21,asymmetric,symmetric,0.261386513,-8.904676221
100% Corpus,22,0.01,0.01,0.260616929,-12.16048545
100% Corpus,22,0.01,0.31,0.398597286,-8.224501601
100% Corpus,22,0.01,0.61,0.414365828,-8.274563179
100% Corpus,22,0.01,0.91,0.375504841,-8.299199535
100% Corpus,22,0.01,symmetric,0.25919654,-9.001381757
100% Corpus,22,0.31,0.01,0.257947672,-12.10369958
100% Corpus,22,0.31,0.31,0.379282521,-8.296978581
100% Corpus,22,0.31,0.61,0.407645381,-8.349349112
100% Corpus,22,0.31,0.91,0.367579363,-8.381821271
100% Corpus,22,0.31,symmetric,0.258774739,-8.987791594
100% Corpus,22,0.61,0.01,0.264445228,-12.35045162
100% Corpus,22,0.61,0.31,0.381286689,-8.356066252
100% Corpus,22,0.61,0.61,0.389440773,-8.417894644
100% Corpus,22,0.61,0.91,0.412024218,-8.455548734
100% Corpus,22,0.61,symmetric,0.25767441,-9.046143811
100% Corpus,22,0.91,0.01,0.267552229,-12.75870816
100% Corpus,22,0.91,0.31,0.37637734,-8.410464964
100% Corpus,22,0.91,0.61,0.439036417,-8.45817063
100% Corpus,22,0.91,0.91,0.402517939,-8.499776378
100% Corpus,22,0.91,symmetric,0.262670717,-9.104562661
100% Corpus,22,symmetric,0.01,0.260748129,-11.85731993
100% Corpus,22,symmetric,0.31,0.410366236,-8.227211148
100% Corpus,22,symmetric,0.61,0.400541571,-8.283682265
100% Corpus,22,symmetric,0.91,0.366331672,-8.316742269
100% Corpus,22,symmetric,symmetric,0.269240783,-8.94433637
100% Corpus,22,asymmetric,0.01,0.25784803,-11.89124107
100% Corpus,22,asymmetric,0.31,0.378976572,-8.223833679
100% Corpus,22,asymmetric,0.61,0.397851178,-8.27056086
100% Corpus,22,asymmetric,0.91,0.423268637,-8.289019955
100% Corpus,22,asymmetric,symmetric,0.256941324,-8.936501061
100% Corpus,23,0.01,0.01,0.260048783,-12.09751041
100% Corpus,23,0.01,0.31,0.43439833,-8.215339172
100% Corpus,23,0.01,0.61,0.418217883,-8.26547203
100% Corpus,23,0.01,0.91,0.375674678,-8.304950663
100% Corpus,23,0.01,symmetric,0.263210636,-8.990562293
100% Corpus,23,0.31,0.01,0.256965968,-11.87450168
100% Corpus,23,0.31,0.31,0.403784215,-8.295856199
100% Corpus,23,0.31,0.61,0.397519062,-8.358902853
100% Corpus,23,0.31,0.91,0.409090188,-8.391355517
100% Corpus,23,0.31,symmetric,0.262463979,-9.025907658
100% Corpus,23,0.61,0.01,0.262033136,-12.33646801
100% Corpus,23,0.61,0.31,0.393101738,-8.360633397
100% Corpus,23,0.61,0.61,0.371880274,-8.42119165
100% Corpus,23,0.61,0.91,0.385776335,-8.451443736
100% Corpus,23,0.61,symmetric,0.252899289,-9.091876398
100% Corpus,23,0.91,0.01,0.267728158,-12.82511246
100% Corpus,23,0.91,0.31,0.378003297,-8.407118931
100% Corpus,23,0.91,0.61,0.404843213,-8.471049641
100% Corpus,23,0.91,0.91,0.435211165,-8.493064385
100% Corpus,23,0.91,symmetric,0.26516497,-9.177013869
100% Corpus,23,symmetric,0.01,0.25797932,-11.88061533
100% Corpus,23,symmetric,0.31,0.40345458,-8.225023677
100% Corpus,23,symmetric,0.61,0.397203337,-8.272145695
100% Corpus,23,symmetric,0.91,0.389539731,-8.31426916
100% Corpus,23,symmetric,symmetric,0.257688264,-8.973189417
100% Corpus,23,asymmetric,0.01,0.264220517,-11.8574254
100% Corpus,23,asymmetric,0.31,0.406563327,-8.223694199
100% Corpus,23,asymmetric,0.61,0.407375308,-8.262671556
100% Corpus,23,asymmetric,0.91,0.388271554,-8.289863774
100% Corpus,23,asymmetric,symmetric,0.258902942,-8.970579891
100% Corpus,24,0.01,0.01,0.258644856,-11.90972093
100% Corpus,24,0.01,0.31,0.403956663,-8.224112499
100% Corpus,24,0.01,0.61,0.397954777,-8.281026028
100% Corpus,24,0.01,0.91,0.408313249,-8.292278467
100% Corpus,24,0.01,symmetric,0.255561498,-9.017605793
100% Corpus,24,0.31,0.01,0.25972379,-12.0032119
100% Corpus,24,0.31,0.31,0.38325118,-8.303339839
100% Corpus,24,0.31,0.61,0.376909666,-8.362187157
100% Corpus,24,0.31,0.91,0.370064559,-8.393412036
100% Corpus,24,0.31,symmetric,0.254078636,-9.066842112
100% Corpus,24,0.61,0.01,0.261842183,-12.33265536
100% Corpus,24,0.61,0.31,0.377832636,-8.369454271
100% Corpus,24,0.61,0.61,0.381981923,-8.423140823
100% Corpus,24,0.61,0.91,0.461632531,-8.452643705
100% Corpus,24,0.61,symmetric,0.256349699,-9.14191146
100% Corpus,24,0.91,0.01,0.265919144,-12.70736996
100% Corpus,24,0.91,0.31,0.372703869,-8.41909962
100% Corpus,24,0.91,0.61,0.379224762,-8.484351669
100% Corpus,24,0.91,0.91,0.442590076,-8.505829835
100% Corpus,24,0.91,symmetric,0.260096526,-9.206347126
100% Corpus,24,symmetric,0.01,0.258139166,-11.86313052
100% Corpus,24,symmetric,0.31,0.394235615,-8.229932847
100% Corpus,24,symmetric,0.61,0.404492482,-8.27725348
100% Corpus,24,symmetric,0.91,0.39654792,-8.309014607
100% Corpus,24,symmetric,symmetric,0.260804606,-8.970906089
100% Corpus,24,asymmetric,0.01,0.264013013,-11.87203953
100% Corpus,24,asymmetric,0.31,0.397458088,-8.220147806
100% Corpus,24,asymmetric,0.61,0.425916608,-8.263872491
100% Corpus,24,asymmetric,0.91,0.416464806,-8.293563158
100% Corpus,24,asymmetric,symmetric,0.256006161,-9.012257697
100% Corpus,25,0.01,0.01,0.261594223,-11.93251313
100% Corpus,25,0.01,0.31,0.413569958,-8.219227332
100% Corpus,25,0.01,0.61,0.41239505,-8.264601172
100% Corpus,25,0.01,0.91,0.424324968,-8.311289029
100% Corpus,25,0.01,symmetric,0.261859157,-9.058741597
100% Corpus,25,0.31,0.01,0.260265762,-12.03102095
100% Corpus,25,0.31,0.31,0.412472883,-8.304899787
100% Corpus,25,0.31,0.61,0.386553172,-8.357180875
100% Corpus,25,0.31,0.91,0.421791006,-8.391431286
100% Corpus,25,0.31,symmetric,0.260358255,-9.094382825
100% Corpus,25,0.61,0.01,0.266183578,-12.67699796
100% Corpus,25,0.61,0.31,0.375938428,-8.378572552
100% Corpus,25,0.61,0.61,0.410580276,-8.426872503
100% Corpus,25,0.61,0.91,0.451872097,-8.461379946
100% Corpus,25,0.61,symmetric,0.258211081,-9.187663397
100% Corpus,25,0.91,0.01,0.267236895,-12.98530001
100% Corpus,25,0.91,0.31,0.382813681,-8.426886588
100% Corpus,25,0.91,0.61,0.413650317,-8.483419395
100% Corpus,25,0.91,0.91,0.409260549,-8.511098335
100% Corpus,25,0.91,symmetric,0.2629401,-9.280806241
100% Corpus,25,symmetric,0.01,0.257546243,-11.82600114
100% Corpus,25,symmetric,0.31,0.413124068,-8.22764605
100% Corpus,25,symmetric,0.61,0.413818883,-8.277615483
100% Corpus,25,symmetric,0.91,0.423425713,-8.321969779
100% Corpus,25,symmetric,symmetric,0.252757744,-9.051736895
100% Corpus,25,asymmetric,0.01,0.261221964,-11.84166622
100% Corpus,25,asymmetric,0.31,0.393929035,-8.221587598
100% Corpus,25,asymmetric,0.61,0.426993241,-8.267075862
100% Corpus,25,asymmetric,0.91,0.442918396,-8.288444485
100% Corpus,25,asymmetric,symmetric,0.255048646,-9.042314106
100% Corpus,26,0.01,0.01,0.261258398,-11.90333328
100% Corpus,26,0.01,0.31,0.428434119,-8.224859159
100% Corpus,26,0.01,0.61,0.416695425,-8.28089069
100% Corpus,26,0.01,0.91,0.382581996,-8.302769489
100% Corpus,26,0.01,symmetric,0.264608111,-9.091075947
100% Corpus,26,0.31,0.01,0.255878068,-11.84797856
100% Corpus,26,0.31,0.31,0.408213193,-8.308388423
100% Corpus,26,0.31,0.61,0.397665265,-8.362140137
100% Corpus,26,0.31,0.91,0.446694937,-8.392699986
100% Corpus,26,0.31,symmetric,0.263618019,-9.149603236
100% Corpus,26,0.61,0.01,0.262760967,-12.24485716
100% Corpus,26,0.61,0.31,0.393590041,-8.378258964
100% Corpus,26,0.61,0.61,0.422729669,-8.433247458
100% Corpus,26,0.61,0.91,0.443801072,-8.463970637
100% Corpus,26,0.61,symmetric,0.252900151,-9.246916449
100% Corpus,26,0.91,0.01,0.268179825,-13.03200965
100% Corpus,26,0.91,0.31,0.378079108,-8.438941899
100% Corpus,26,0.91,0.61,0.410292158,-8.492050824
100% Corpus,26,0.91,0.91,0.485111194,-8.522358735
100% Corpus,26,0.91,symmetric,0.265608744,-9.335414734
100% Corpus,26,symmetric,0.01,0.260876936,-11.8458425
100% Corpus,26,symmetric,0.31,0.4223558,-8.230900906
100% Corpus,26,symmetric,0.61,0.398247434,-8.277884668
100% Corpus,26,symmetric,0.91,0.423717992,-8.303515729
100% Corpus,26,symmetric,symmetric,0.258023657,-9.041168788
100% Corpus,26,asymmetric,0.01,0.266701646,-11.85723186
100% Corpus,26,asymmetric,0.31,0.419219519,-8.223611097
100% Corpus,26,asymmetric,0.61,0.432604628,-8.263105902
100% Corpus,26,asymmetric,0.91,0.422547272,-8.289716996
100% Corpus,26,asymmetric,symmetric,0.263581982,-9.07429488
100% Corpus,27,0.01,0.01,0.26157931,-11.92464362
100% Corpus,27,0.01,0.31,0.412634426,-8.223185403
100% Corpus,27,0.01,0.61,0.395956441,-8.274580511
100% Corpus,27,0.01,0.91,0.421033866,-8.292345023
100% Corpus,27,0.01,symmetric,0.260213736,-9.198144201
100% Corpus,27,0.31,0.01,0.261047884,-11.99506569
100% Corpus,27,0.31,0.31,0.415361025,-8.31464904
100% Corpus,27,0.31,0.61,0.416046196,-8.370142288
100% Corpus,27,0.31,0.91,0.421317533,-8.413677953
100% Corpus,27,0.31,symmetric,0.263245973,-9.118745186
100% Corpus,27,0.61,0.01,0.265229488,-12.65890083
100% Corpus,27,0.61,0.31,0.381557559,-8.387166933
100% Corpus,27,0.61,0.61,0.423475003,-8.443997623
100% Corpus,27,0.61,0.91,0.468476142,-8.475736818
100% Corpus,27,0.61,symmetric,0.261071168,-9.350491808
100% Corpus,27,0.91,0.01,0.266378112,-13.07045913
100% Corpus,27,0.91,0.31,0.369938568,-8.444501678
100% Corpus,27,0.91,0.61,0.388388483,-8.514469583
100% Corpus,27,0.91,0.91,0.524880815,-8.531608261
100% Corpus,27,0.91,symmetric,0.262325733,-9.398818468
100% Corpus,27,symmetric,0.01,0.258657164,-11.8652408
100% Corpus,27,symmetric,0.31,0.410386116,-8.23031027
100% Corpus,27,symmetric,0.61,0.410003887,-8.279405599
100% Corpus,27,symmetric,0.91,0.412563805,-8.302130695
100% Corpus,27,symmetric,symmetric,0.260904008,-9.183065137
100% Corpus,27,asymmetric,0.01,0.258919045,-11.85769245
100% Corpus,27,asymmetric,0.31,0.408803035,-8.224698195
100% Corpus,27,asymmetric,0.61,0.418469107,-8.263197098
100% Corpus,27,asymmetric,0.91,0.417609349,-8.289497691
100% Corpus,27,asymmetric,symmetric,0.267718373,-9.178638238
100% Corpus,28,0.01,0.01,0.272202774,-12.1477211
100% Corpus,28,0.01,0.31,0.394108981,-8.228764387
100% Corpus,28,0.01,0.61,0.372908435,-8.263431145
100% Corpus,28,0.01,0.91,0.41156522,-8.289393939
100% Corpus,28,0.01,symmetric,0.284006774,-9.227151979
100% Corpus,28,0.31,0.01,0.26422006,-12.0103739
100% Corpus,28,0.31,0.31,0.40006623,-8.323944511
100% Corpus,28,0.31,0.61,0.372912445,-8.369910667
100% Corpus,28,0.31,0.91,0.485174301,-8.397307847
100% Corpus,28,0.31,symmetric,0.290924108,-9.279195784
100% Corpus,28,0.61,0.01,0.266120113,-12.47575778
100% Corpus,28,0.61,0.31,0.379258447,-8.392803513
100% Corpus,28,0.61,0.61,0.38521125,-8.446231409
100% Corpus,28,0.61,0.91,0.478529475,-8.470563608
100% Corpus,28,0.61,symmetric,0.271706659,-9.38984112
100% Corpus,28,0.91,0.01,0.267932984,-12.87914744
100% Corpus,28,0.91,0.31,0.350171574,-8.452003943
100% Corpus,28,0.91,0.61,0.423583219,-8.50253445
100% Corpus,28,0.91,0.91,0.481115413,-8.531963291
100% Corpus,28,0.91,symmetric,0.262653755,-9.437404785
100% Corpus,28,symmetric,0.01,0.273456183,-11.89686168
100% Corpus,28,symmetric,0.31,0.423104593,-8.234959478
100% Corpus,28,symmetric,0.61,0.37484441,-8.274299311
100% Corpus,28,symmetric,0.91,0.408043177,-8.299681585
100% Corpus,28,symmetric,symmetric,0.288930612,-9.223079416
100% Corpus,28,asymmetric,0.01,0.263154877,-11.69353572
100% Corpus,28,asymmetric,0.31,0.398763267,-8.227543644
100% Corpus,28,asymmetric,0.61,0.428094563,-8.272415715
100% Corpus,28,asymmetric,0.91,0.445829152,-8.293255924
100% Corpus,28,asymmetric,symmetric,0.270492274,-9.163853296
100% Corpus,29,0.01,0.01,0.265468756,-12.17365054
100% Corpus,29,0.01,0.31,0.37385523,-8.225414959
100% Corpus,29,0.01,0.61,0.397878961,-8.259286455
100% Corpus,29,0.01,0.91,0.424293083,-8.291879844
100% Corpus,29,0.01,symmetric,0.268017676,-9.225231878
100% Corpus,29,0.31,0.01,0.263408845,-12.16366171
100% Corpus,29,0.31,0.31,0.385111834,-8.329761237
100% Corpus,29,0.31,0.61,0.426110287,-8.371493045
100% Corpus,29,0.31,0.91,0.451644737,-8.405315392
100% Corpus,29,0.31,symmetric,0.272927117,-9.284681736
100% Corpus,29,0.61,0.01,0.267441043,-12.75276906
100% Corpus,29,0.61,0.31,0.363651271,-8.408076325
100% Corpus,29,0.61,0.61,0.443374381,-8.452477029
100% Corpus,29,0.61,0.91,0.485909812,-8.482703316
100% Corpus,29,0.61,symmetric,0.264740507,-9.453778443
100% Corpus,29,0.91,0.01,0.268977643,-13.3590992
100% Corpus,29,0.91,0.31,0.375061046,-8.472988404
100% Corpus,29,0.91,0.61,0.45314754,-8.511432688
100% Corpus,29,0.91,0.91,0.452157515,-8.543264505
100% Corpus,29,0.91,symmetric,0.267783909,-9.525633135
100% Corpus,29,symmetric,0.01,0.2651413,-11.684709
100% Corpus,29,symmetric,0.31,0.380725056,-8.237231297
100% Corpus,29,symmetric,0.61,0.429148429,-8.276982623
100% Corpus,29,symmetric,0.91,0.445545244,-8.30001843
100% Corpus,29,symmetric,symmetric,0.272187221,-9.260669596
100% Corpus,29,asymmetric,0.01,0.270244433,-11.89994898
100% Corpus,29,asymmetric,0.31,0.369534476,-8.226927686
100% Corpus,29,asymmetric,0.61,0.409628496,-8.2659469
100% Corpus,29,asymmetric,0.91,0.398826224,-8.287197262
100% Corpus,29,asymmetric,symmetric,0.27306235,-9.189552604